track,car,hull,overdrive_speed,seed,template,coins,centerline_followable,first_failed_coin,pickup_window_followable,window_failed_coin
neon_coast,pulse_gt,100.0,false,611,0,6,true,-1,true,-1
neon_coast,pulse_gt,100.0,false,611,1,12,true,-1,true,-1
neon_coast,pulse_gt,100.0,false,611,2,12,true,-1,true,-1
neon_coast,pulse_gt,100.0,false,611,3,6,true,-1,true,-1
neon_coast,pulse_gt,100.0,false,611,4,12,true,-1,true,-1
neon_coast,pulse_gt,100.0,false,2026,0,9,true,-1,true,-1
neon_coast,pulse_gt,100.0,false,2026,1,12,true,-1,true,-1
neon_coast,pulse_gt,100.0,false,2026,2,12,true,-1,true,-1
neon_coast,pulse_gt,100.0,false,2026,3,9,true,-1,true,-1
neon_coast,pulse_gt,100.0,false,2026,4,12,true,-1,true,-1
neon_coast,pulse_gt,100.0,false,9001,0,10,true,-1,true,-1
neon_coast,pulse_gt,100.0,false,9001,1,12,true,-1,true,-1
neon_coast,pulse_gt,100.0,false,9001,2,12,true,-1,true,-1
neon_coast,pulse_gt,100.0,false,9001,3,10,true,-1,true,-1
neon_coast,pulse_gt,100.0,false,9001,4,12,true,-1,true,-1
neon_coast,pulse_gt,100.0,true,611,0,6,true,-1,true,-1
neon_coast,pulse_gt,100.0,true,611,1,12,true,-1,true,-1
neon_coast,pulse_gt,100.0,true,611,2,12,true,-1,true,-1
neon_coast,pulse_gt,100.0,true,611,3,6,true,-1,true,-1
neon_coast,pulse_gt,100.0,true,611,4,12,true,-1,true,-1
neon_coast,pulse_gt,100.0,true,2026,0,9,true,-1,true,-1
neon_coast,pulse_gt,100.0,true,2026,1,12,true,-1,true,-1
neon_coast,pulse_gt,100.0,true,2026,2,12,true,-1,true,-1
neon_coast,pulse_gt,100.0,true,2026,3,9,true,-1,true,-1
neon_coast,pulse_gt,100.0,true,2026,4,12,true,-1,true,-1
neon_coast,pulse_gt,100.0,true,9001,0,10,true,-1,true,-1
neon_coast,pulse_gt,100.0,true,9001,1,12,true,-1,true,-1
neon_coast,pulse_gt,100.0,true,9001,2,12,true,-1,true,-1
neon_coast,pulse_gt,100.0,true,9001,3,10,true,-1,true,-1
neon_coast,pulse_gt,100.0,true,9001,4,12,true,-1,true,-1
neon_coast,pulse_gt,30.0,false,611,0,6,true,-1,true,-1
neon_coast,pulse_gt,30.0,false,611,1,12,true,-1,true,-1
neon_coast,pulse_gt,30.0,false,611,2,12,true,-1,true,-1
neon_coast,pulse_gt,30.0,false,611,3,6,true,-1,true,-1
neon_coast,pulse_gt,30.0,false,611,4,12,true,-1,true,-1
neon_coast,pulse_gt,30.0,false,2026,0,9,true,-1,true,-1
neon_coast,pulse_gt,30.0,false,2026,1,12,true,-1,true,-1
neon_coast,pulse_gt,30.0,false,2026,2,12,true,-1,true,-1
neon_coast,pulse_gt,30.0,false,2026,3,9,true,-1,true,-1
neon_coast,pulse_gt,30.0,false,2026,4,12,true,-1,true,-1
neon_coast,pulse_gt,30.0,false,9001,0,10,true,-1,true,-1
neon_coast,pulse_gt,30.0,false,9001,1,12,true,-1,true,-1
neon_coast,pulse_gt,30.0,false,9001,2,12,true,-1,true,-1
neon_coast,pulse_gt,30.0,false,9001,3,10,true,-1,true,-1
neon_coast,pulse_gt,30.0,false,9001,4,12,true,-1,true,-1
neon_coast,pulse_gt,30.0,true,611,0,6,true,-1,true,-1
neon_coast,pulse_gt,30.0,true,611,1,12,true,-1,true,-1
neon_coast,pulse_gt,30.0,true,611,2,12,true,-1,true,-1
neon_coast,pulse_gt,30.0,true,611,3,6,true,-1,true,-1
neon_coast,pulse_gt,30.0,true,611,4,12,true,-1,true,-1
neon_coast,pulse_gt,30.0,true,2026,0,9,true,-1,true,-1
neon_coast,pulse_gt,30.0,true,2026,1,12,true,-1,true,-1
neon_coast,pulse_gt,30.0,true,2026,2,12,true,-1,true,-1
neon_coast,pulse_gt,30.0,true,2026,3,9,true,-1,true,-1
neon_coast,pulse_gt,30.0,true,2026,4,12,true,-1,true,-1
neon_coast,pulse_gt,30.0,true,9001,0,10,true,-1,true,-1
neon_coast,pulse_gt,30.0,true,9001,1,12,true,-1,true,-1
neon_coast,pulse_gt,30.0,true,9001,2,12,true,-1,true,-1
neon_coast,pulse_gt,30.0,true,9001,3,10,true,-1,true,-1
neon_coast,pulse_gt,30.0,true,9001,4,12,true,-1,true,-1
neon_coast,driftwing,100.0,false,611,0,6,true,-1,true,-1
neon_coast,driftwing,100.0,false,611,1,12,true,-1,true,-1
neon_coast,driftwing,100.0,false,611,2,12,true,-1,true,-1
neon_coast,driftwing,100.0,false,611,3,6,true,-1,true,-1
neon_coast,driftwing,100.0,false,611,4,12,true,-1,true,-1
neon_coast,driftwing,100.0,false,2026,0,9,true,-1,true,-1
neon_coast,driftwing,100.0,false,2026,1,12,true,-1,true,-1
neon_coast,driftwing,100.0,false,2026,2,12,true,-1,true,-1
neon_coast,driftwing,100.0,false,2026,3,9,true,-1,true,-1
neon_coast,driftwing,100.0,false,2026,4,12,true,-1,true,-1
neon_coast,driftwing,100.0,false,9001,0,10,true,-1,true,-1
neon_coast,driftwing,100.0,false,9001,1,12,true,-1,true,-1
neon_coast,driftwing,100.0,false,9001,2,12,true,-1,true,-1
neon_coast,driftwing,100.0,false,9001,3,10,true,-1,true,-1
neon_coast,driftwing,100.0,false,9001,4,12,true,-1,true,-1
neon_coast,driftwing,100.0,true,611,0,6,true,-1,true,-1
neon_coast,driftwing,100.0,true,611,1,12,true,-1,true,-1
neon_coast,driftwing,100.0,true,611,2,12,true,-1,true,-1
neon_coast,driftwing,100.0,true,611,3,6,true,-1,true,-1
neon_coast,driftwing,100.0,true,611,4,12,true,-1,true,-1
neon_coast,driftwing,100.0,true,2026,0,9,true,-1,true,-1
neon_coast,driftwing,100.0,true,2026,1,12,true,-1,true,-1
neon_coast,driftwing,100.0,true,2026,2,12,true,-1,true,-1
neon_coast,driftwing,100.0,true,2026,3,9,true,-1,true,-1
neon_coast,driftwing,100.0,true,2026,4,12,true,-1,true,-1
neon_coast,driftwing,100.0,true,9001,0,10,true,-1,true,-1
neon_coast,driftwing,100.0,true,9001,1,12,true,-1,true,-1
neon_coast,driftwing,100.0,true,9001,2,12,true,-1,true,-1
neon_coast,driftwing,100.0,true,9001,3,10,true,-1,true,-1
neon_coast,driftwing,100.0,true,9001,4,12,true,-1,true,-1
neon_coast,driftwing,30.0,false,611,0,6,true,-1,true,-1
neon_coast,driftwing,30.0,false,611,1,12,true,-1,true,-1
neon_coast,driftwing,30.0,false,611,2,12,true,-1,true,-1
neon_coast,driftwing,30.0,false,611,3,6,true,-1,true,-1
neon_coast,driftwing,30.0,false,611,4,12,true,-1,true,-1
neon_coast,driftwing,30.0,false,2026,0,9,true,-1,true,-1
neon_coast,driftwing,30.0,false,2026,1,12,true,-1,true,-1
neon_coast,driftwing,30.0,false,2026,2,12,true,-1,true,-1
neon_coast,driftwing,30.0,false,2026,3,9,true,-1,true,-1
neon_coast,driftwing,30.0,false,2026,4,12,true,-1,true,-1
neon_coast,driftwing,30.0,false,9001,0,10,true,-1,true,-1
neon_coast,driftwing,30.0,false,9001,1,12,true,-1,true,-1
neon_coast,driftwing,30.0,false,9001,2,12,true,-1,true,-1
neon_coast,driftwing,30.0,false,9001,3,10,true,-1,true,-1
neon_coast,driftwing,30.0,false,9001,4,12,true,-1,true,-1
neon_coast,driftwing,30.0,true,611,0,6,true,-1,true,-1
neon_coast,driftwing,30.0,true,611,1,12,true,-1,true,-1
neon_coast,driftwing,30.0,true,611,2,12,true,-1,true,-1
neon_coast,driftwing,30.0,true,611,3,6,true,-1,true,-1
neon_coast,driftwing,30.0,true,611,4,12,true,-1,true,-1
neon_coast,driftwing,30.0,true,2026,0,9,true,-1,true,-1
neon_coast,driftwing,30.0,true,2026,1,12,true,-1,true,-1
neon_coast,driftwing,30.0,true,2026,2,12,true,-1,true,-1
neon_coast,driftwing,30.0,true,2026,3,9,true,-1,true,-1
neon_coast,driftwing,30.0,true,2026,4,12,true,-1,true,-1
neon_coast,driftwing,30.0,true,9001,0,10,true,-1,true,-1
neon_coast,driftwing,30.0,true,9001,1,12,true,-1,true,-1
neon_coast,driftwing,30.0,true,9001,2,12,true,-1,true,-1
neon_coast,driftwing,30.0,true,9001,3,10,true,-1,true,-1
neon_coast,driftwing,30.0,true,9001,4,12,true,-1,true,-1
neon_coast,flashpoint,100.0,false,611,0,6,true,-1,true,-1
neon_coast,flashpoint,100.0,false,611,1,12,true,-1,true,-1
neon_coast,flashpoint,100.0,false,611,2,12,true,-1,true,-1
neon_coast,flashpoint,100.0,false,611,3,6,true,-1,true,-1
neon_coast,flashpoint,100.0,false,611,4,12,true,-1,true,-1
neon_coast,flashpoint,100.0,false,2026,0,9,true,-1,true,-1
neon_coast,flashpoint,100.0,false,2026,1,12,true,-1,true,-1
neon_coast,flashpoint,100.0,false,2026,2,12,true,-1,true,-1
neon_coast,flashpoint,100.0,false,2026,3,9,true,-1,true,-1
neon_coast,flashpoint,100.0,false,2026,4,12,true,-1,true,-1
neon_coast,flashpoint,100.0,false,9001,0,10,true,-1,true,-1
neon_coast,flashpoint,100.0,false,9001,1,12,true,-1,true,-1
neon_coast,flashpoint,100.0,false,9001,2,12,true,-1,true,-1
neon_coast,flashpoint,100.0,false,9001,3,10,true,-1,true,-1
neon_coast,flashpoint,100.0,false,9001,4,12,true,-1,true,-1
neon_coast,flashpoint,100.0,true,611,0,6,true,-1,true,-1
neon_coast,flashpoint,100.0,true,611,1,12,true,-1,true,-1
neon_coast,flashpoint,100.0,true,611,2,12,true,-1,true,-1
neon_coast,flashpoint,100.0,true,611,3,6,true,-1,true,-1
neon_coast,flashpoint,100.0,true,611,4,12,true,-1,true,-1
neon_coast,flashpoint,100.0,true,2026,0,9,true,-1,true,-1
neon_coast,flashpoint,100.0,true,2026,1,12,true,-1,true,-1
neon_coast,flashpoint,100.0,true,2026,2,12,true,-1,true,-1
neon_coast,flashpoint,100.0,true,2026,3,9,true,-1,true,-1
neon_coast,flashpoint,100.0,true,2026,4,12,true,-1,true,-1
neon_coast,flashpoint,100.0,true,9001,0,10,true,-1,true,-1
neon_coast,flashpoint,100.0,true,9001,1,12,true,-1,true,-1
neon_coast,flashpoint,100.0,true,9001,2,12,true,-1,true,-1
neon_coast,flashpoint,100.0,true,9001,3,10,true,-1,true,-1
neon_coast,flashpoint,100.0,true,9001,4,12,true,-1,true,-1
neon_coast,flashpoint,30.0,false,611,0,6,true,-1,true,-1
neon_coast,flashpoint,30.0,false,611,1,12,true,-1,true,-1
neon_coast,flashpoint,30.0,false,611,2,12,true,-1,true,-1
neon_coast,flashpoint,30.0,false,611,3,6,true,-1,true,-1
neon_coast,flashpoint,30.0,false,611,4,12,true,-1,true,-1
neon_coast,flashpoint,30.0,false,2026,0,9,true,-1,true,-1
neon_coast,flashpoint,30.0,false,2026,1,12,true,-1,true,-1
neon_coast,flashpoint,30.0,false,2026,2,12,true,-1,true,-1
neon_coast,flashpoint,30.0,false,2026,3,9,true,-1,true,-1
neon_coast,flashpoint,30.0,false,2026,4,12,true,-1,true,-1
neon_coast,flashpoint,30.0,false,9001,0,10,true,-1,true,-1
neon_coast,flashpoint,30.0,false,9001,1,12,true,-1,true,-1
neon_coast,flashpoint,30.0,false,9001,2,12,true,-1,true,-1
neon_coast,flashpoint,30.0,false,9001,3,10,true,-1,true,-1
neon_coast,flashpoint,30.0,false,9001,4,12,true,-1,true,-1
neon_coast,flashpoint,30.0,true,611,0,6,true,-1,true,-1
neon_coast,flashpoint,30.0,true,611,1,12,true,-1,true,-1
neon_coast,flashpoint,30.0,true,611,2,12,true,-1,true,-1
neon_coast,flashpoint,30.0,true,611,3,6,true,-1,true,-1
neon_coast,flashpoint,30.0,true,611,4,12,true,-1,true,-1
neon_coast,flashpoint,30.0,true,2026,0,9,true,-1,true,-1
neon_coast,flashpoint,30.0,true,2026,1,12,true,-1,true,-1
neon_coast,flashpoint,30.0,true,2026,2,12,true,-1,true,-1
neon_coast,flashpoint,30.0,true,2026,3,9,true,-1,true,-1
neon_coast,flashpoint,30.0,true,2026,4,12,true,-1,true,-1
neon_coast,flashpoint,30.0,true,9001,0,10,true,-1,true,-1
neon_coast,flashpoint,30.0,true,9001,1,12,true,-1,true,-1
neon_coast,flashpoint,30.0,true,9001,2,12,true,-1,true,-1
neon_coast,flashpoint,30.0,true,9001,3,10,true,-1,true,-1
neon_coast,flashpoint,30.0,true,9001,4,12,true,-1,true,-1
neon_coast,comet_rs,100.0,false,611,0,6,true,-1,true,-1
neon_coast,comet_rs,100.0,false,611,1,12,true,-1,true,-1
neon_coast,comet_rs,100.0,false,611,2,12,true,-1,true,-1
neon_coast,comet_rs,100.0,false,611,3,6,true,-1,true,-1
neon_coast,comet_rs,100.0,false,611,4,12,true,-1,true,-1
neon_coast,comet_rs,100.0,false,2026,0,9,true,-1,true,-1
neon_coast,comet_rs,100.0,false,2026,1,12,true,-1,true,-1
neon_coast,comet_rs,100.0,false,2026,2,12,true,-1,true,-1
neon_coast,comet_rs,100.0,false,2026,3,9,true,-1,true,-1
neon_coast,comet_rs,100.0,false,2026,4,12,true,-1,true,-1
neon_coast,comet_rs,100.0,false,9001,0,10,true,-1,true,-1
neon_coast,comet_rs,100.0,false,9001,1,12,true,-1,true,-1
neon_coast,comet_rs,100.0,false,9001,2,12,true,-1,true,-1
neon_coast,comet_rs,100.0,false,9001,3,10,true,-1,true,-1
neon_coast,comet_rs,100.0,false,9001,4,12,true,-1,true,-1
neon_coast,comet_rs,100.0,true,611,0,6,true,-1,true,-1
neon_coast,comet_rs,100.0,true,611,1,12,true,-1,true,-1
neon_coast,comet_rs,100.0,true,611,2,12,true,-1,true,-1
neon_coast,comet_rs,100.0,true,611,3,6,true,-1,true,-1
neon_coast,comet_rs,100.0,true,611,4,12,true,-1,true,-1
neon_coast,comet_rs,100.0,true,2026,0,9,true,-1,true,-1
neon_coast,comet_rs,100.0,true,2026,1,12,true,-1,true,-1
neon_coast,comet_rs,100.0,true,2026,2,12,true,-1,true,-1
neon_coast,comet_rs,100.0,true,2026,3,9,true,-1,true,-1
neon_coast,comet_rs,100.0,true,2026,4,12,true,-1,true,-1
neon_coast,comet_rs,100.0,true,9001,0,10,true,-1,true,-1
neon_coast,comet_rs,100.0,true,9001,1,12,true,-1,true,-1
neon_coast,comet_rs,100.0,true,9001,2,12,true,-1,true,-1
neon_coast,comet_rs,100.0,true,9001,3,10,true,-1,true,-1
neon_coast,comet_rs,100.0,true,9001,4,12,true,-1,true,-1
neon_coast,comet_rs,30.0,false,611,0,6,true,-1,true,-1
neon_coast,comet_rs,30.0,false,611,1,12,true,-1,true,-1
neon_coast,comet_rs,30.0,false,611,2,12,true,-1,true,-1
neon_coast,comet_rs,30.0,false,611,3,6,true,-1,true,-1
neon_coast,comet_rs,30.0,false,611,4,12,true,-1,true,-1
neon_coast,comet_rs,30.0,false,2026,0,9,true,-1,true,-1
neon_coast,comet_rs,30.0,false,2026,1,12,true,-1,true,-1
neon_coast,comet_rs,30.0,false,2026,2,12,true,-1,true,-1
neon_coast,comet_rs,30.0,false,2026,3,9,true,-1,true,-1
neon_coast,comet_rs,30.0,false,2026,4,12,true,-1,true,-1
neon_coast,comet_rs,30.0,false,9001,0,10,true,-1,true,-1
neon_coast,comet_rs,30.0,false,9001,1,12,true,-1,true,-1
neon_coast,comet_rs,30.0,false,9001,2,12,true,-1,true,-1
neon_coast,comet_rs,30.0,false,9001,3,10,true,-1,true,-1
neon_coast,comet_rs,30.0,false,9001,4,12,true,-1,true,-1
neon_coast,comet_rs,30.0,true,611,0,6,false,0,false,0
neon_coast,comet_rs,30.0,true,611,1,12,false,0,false,0
neon_coast,comet_rs,30.0,true,611,2,12,false,0,false,0
neon_coast,comet_rs,30.0,true,611,3,6,true,-1,true,-1
neon_coast,comet_rs,30.0,true,611,4,12,false,0,false,0
neon_coast,comet_rs,30.0,true,2026,0,9,true,-1,true,-1
neon_coast,comet_rs,30.0,true,2026,1,12,true,-1,true,-1
neon_coast,comet_rs,30.0,true,2026,2,12,true,-1,true,-1
neon_coast,comet_rs,30.0,true,2026,3,9,true,-1,true,-1
neon_coast,comet_rs,30.0,true,2026,4,12,true,-1,true,-1
neon_coast,comet_rs,30.0,true,9001,0,10,false,0,false,0
neon_coast,comet_rs,30.0,true,9001,1,12,false,0,false,0
neon_coast,comet_rs,30.0,true,9001,2,12,false,0,false,0
neon_coast,comet_rs,30.0,true,9001,3,10,true,-1,true,-1
neon_coast,comet_rs,30.0,true,9001,4,12,false,0,false,0
neon_coast,tidebreaker,100.0,false,611,0,6,true,-1,true,-1
neon_coast,tidebreaker,100.0,false,611,1,12,true,-1,true,-1
neon_coast,tidebreaker,100.0,false,611,2,12,true,-1,true,-1
neon_coast,tidebreaker,100.0,false,611,3,6,true,-1,true,-1
neon_coast,tidebreaker,100.0,false,611,4,12,true,-1,true,-1
neon_coast,tidebreaker,100.0,false,2026,0,9,true,-1,true,-1
neon_coast,tidebreaker,100.0,false,2026,1,12,true,-1,true,-1
neon_coast,tidebreaker,100.0,false,2026,2,12,true,-1,true,-1
neon_coast,tidebreaker,100.0,false,2026,3,9,true,-1,true,-1
neon_coast,tidebreaker,100.0,false,2026,4,12,true,-1,true,-1
neon_coast,tidebreaker,100.0,false,9001,0,10,true,-1,true,-1
neon_coast,tidebreaker,100.0,false,9001,1,12,true,-1,true,-1
neon_coast,tidebreaker,100.0,false,9001,2,12,true,-1,true,-1
neon_coast,tidebreaker,100.0,false,9001,3,10,true,-1,true,-1
neon_coast,tidebreaker,100.0,false,9001,4,12,true,-1,true,-1
neon_coast,tidebreaker,100.0,true,611,0,6,true,-1,true,-1
neon_coast,tidebreaker,100.0,true,611,1,12,true,-1,true,-1
neon_coast,tidebreaker,100.0,true,611,2,12,true,-1,true,-1
neon_coast,tidebreaker,100.0,true,611,3,6,true,-1,true,-1
neon_coast,tidebreaker,100.0,true,611,4,12,true,-1,true,-1
neon_coast,tidebreaker,100.0,true,2026,0,9,true,-1,true,-1
neon_coast,tidebreaker,100.0,true,2026,1,12,true,-1,true,-1
neon_coast,tidebreaker,100.0,true,2026,2,12,true,-1,true,-1
neon_coast,tidebreaker,100.0,true,2026,3,9,true,-1,true,-1
neon_coast,tidebreaker,100.0,true,2026,4,12,true,-1,true,-1
neon_coast,tidebreaker,100.0,true,9001,0,10,true,-1,true,-1
neon_coast,tidebreaker,100.0,true,9001,1,12,true,-1,true,-1
neon_coast,tidebreaker,100.0,true,9001,2,12,true,-1,true,-1
neon_coast,tidebreaker,100.0,true,9001,3,10,true,-1,true,-1
neon_coast,tidebreaker,100.0,true,9001,4,12,true,-1,true,-1
neon_coast,tidebreaker,30.0,false,611,0,6,true,-1,true,-1
neon_coast,tidebreaker,30.0,false,611,1,12,true,-1,true,-1
neon_coast,tidebreaker,30.0,false,611,2,12,true,-1,true,-1
neon_coast,tidebreaker,30.0,false,611,3,6,true,-1,true,-1
neon_coast,tidebreaker,30.0,false,611,4,12,true,-1,true,-1
neon_coast,tidebreaker,30.0,false,2026,0,9,true,-1,true,-1
neon_coast,tidebreaker,30.0,false,2026,1,12,true,-1,true,-1
neon_coast,tidebreaker,30.0,false,2026,2,12,true,-1,true,-1
neon_coast,tidebreaker,30.0,false,2026,3,9,true,-1,true,-1
neon_coast,tidebreaker,30.0,false,2026,4,12,true,-1,true,-1
neon_coast,tidebreaker,30.0,false,9001,0,10,true,-1,true,-1
neon_coast,tidebreaker,30.0,false,9001,1,12,true,-1,true,-1
neon_coast,tidebreaker,30.0,false,9001,2,12,true,-1,true,-1
neon_coast,tidebreaker,30.0,false,9001,3,10,true,-1,true,-1
neon_coast,tidebreaker,30.0,false,9001,4,12,true,-1,true,-1
neon_coast,tidebreaker,30.0,true,611,0,6,true,-1,true,-1
neon_coast,tidebreaker,30.0,true,611,1,12,true,-1,true,-1
neon_coast,tidebreaker,30.0,true,611,2,12,true,-1,true,-1
neon_coast,tidebreaker,30.0,true,611,3,6,true,-1,true,-1
neon_coast,tidebreaker,30.0,true,611,4,12,true,-1,true,-1
neon_coast,tidebreaker,30.0,true,2026,0,9,true,-1,true,-1
neon_coast,tidebreaker,30.0,true,2026,1,12,true,-1,true,-1
neon_coast,tidebreaker,30.0,true,2026,2,12,true,-1,true,-1
neon_coast,tidebreaker,30.0,true,2026,3,9,true,-1,true,-1
neon_coast,tidebreaker,30.0,true,2026,4,12,true,-1,true,-1
neon_coast,tidebreaker,30.0,true,9001,0,10,true,-1,true,-1
neon_coast,tidebreaker,30.0,true,9001,1,12,true,-1,true,-1
neon_coast,tidebreaker,30.0,true,9001,2,12,true,-1,true,-1
neon_coast,tidebreaker,30.0,true,9001,3,10,true,-1,true,-1
neon_coast,tidebreaker,30.0,true,9001,4,12,true,-1,true,-1
neon_coast,aurora_x,100.0,false,611,0,6,true,-1,true,-1
neon_coast,aurora_x,100.0,false,611,1,12,true,-1,true,-1
neon_coast,aurora_x,100.0,false,611,2,12,true,-1,true,-1
neon_coast,aurora_x,100.0,false,611,3,6,true,-1,true,-1
neon_coast,aurora_x,100.0,false,611,4,12,true,-1,true,-1
neon_coast,aurora_x,100.0,false,2026,0,9,true,-1,true,-1
neon_coast,aurora_x,100.0,false,2026,1,12,true,-1,true,-1
neon_coast,aurora_x,100.0,false,2026,2,12,true,-1,true,-1
neon_coast,aurora_x,100.0,false,2026,3,9,true,-1,true,-1
neon_coast,aurora_x,100.0,false,2026,4,12,true,-1,true,-1
neon_coast,aurora_x,100.0,false,9001,0,10,true,-1,true,-1
neon_coast,aurora_x,100.0,false,9001,1,12,true,-1,true,-1
neon_coast,aurora_x,100.0,false,9001,2,12,true,-1,true,-1
neon_coast,aurora_x,100.0,false,9001,3,10,true,-1,true,-1
neon_coast,aurora_x,100.0,false,9001,4,12,true,-1,true,-1
neon_coast,aurora_x,100.0,true,611,0,6,true,-1,true,-1
neon_coast,aurora_x,100.0,true,611,1,12,true,-1,true,-1
neon_coast,aurora_x,100.0,true,611,2,12,true,-1,true,-1
neon_coast,aurora_x,100.0,true,611,3,6,true,-1,true,-1
neon_coast,aurora_x,100.0,true,611,4,12,true,-1,true,-1
neon_coast,aurora_x,100.0,true,2026,0,9,true,-1,true,-1
neon_coast,aurora_x,100.0,true,2026,1,12,true,-1,true,-1
neon_coast,aurora_x,100.0,true,2026,2,12,true,-1,true,-1
neon_coast,aurora_x,100.0,true,2026,3,9,true,-1,true,-1
neon_coast,aurora_x,100.0,true,2026,4,12,true,-1,true,-1
neon_coast,aurora_x,100.0,true,9001,0,10,true,-1,true,-1
neon_coast,aurora_x,100.0,true,9001,1,12,true,-1,true,-1
neon_coast,aurora_x,100.0,true,9001,2,12,true,-1,true,-1
neon_coast,aurora_x,100.0,true,9001,3,10,true,-1,true,-1
neon_coast,aurora_x,100.0,true,9001,4,12,true,-1,true,-1
neon_coast,aurora_x,30.0,false,611,0,6,true,-1,true,-1
neon_coast,aurora_x,30.0,false,611,1,12,true,-1,true,-1
neon_coast,aurora_x,30.0,false,611,2,12,true,-1,true,-1
neon_coast,aurora_x,30.0,false,611,3,6,true,-1,true,-1
neon_coast,aurora_x,30.0,false,611,4,12,true,-1,true,-1
neon_coast,aurora_x,30.0,false,2026,0,9,true,-1,true,-1
neon_coast,aurora_x,30.0,false,2026,1,12,true,-1,true,-1
neon_coast,aurora_x,30.0,false,2026,2,12,true,-1,true,-1
neon_coast,aurora_x,30.0,false,2026,3,9,true,-1,true,-1
neon_coast,aurora_x,30.0,false,2026,4,12,true,-1,true,-1
neon_coast,aurora_x,30.0,false,9001,0,10,true,-1,true,-1
neon_coast,aurora_x,30.0,false,9001,1,12,true,-1,true,-1
neon_coast,aurora_x,30.0,false,9001,2,12,true,-1,true,-1
neon_coast,aurora_x,30.0,false,9001,3,10,true,-1,true,-1
neon_coast,aurora_x,30.0,false,9001,4,12,true,-1,true,-1
neon_coast,aurora_x,30.0,true,611,0,6,false,0,false,0
neon_coast,aurora_x,30.0,true,611,1,12,false,0,false,0
neon_coast,aurora_x,30.0,true,611,2,12,false,0,false,0
neon_coast,aurora_x,30.0,true,611,3,6,true,-1,true,-1
neon_coast,aurora_x,30.0,true,611,4,12,false,0,false,0
neon_coast,aurora_x,30.0,true,2026,0,9,true,-1,true,-1
neon_coast,aurora_x,30.0,true,2026,1,12,true,-1,true,-1
neon_coast,aurora_x,30.0,true,2026,2,12,true,-1,true,-1
neon_coast,aurora_x,30.0,true,2026,3,9,true,-1,true,-1
neon_coast,aurora_x,30.0,true,2026,4,12,true,-1,true,-1
neon_coast,aurora_x,30.0,true,9001,0,10,false,0,false,0
neon_coast,aurora_x,30.0,true,9001,1,12,false,0,false,0
neon_coast,aurora_x,30.0,true,9001,2,12,false,0,false,0
neon_coast,aurora_x,30.0,true,9001,3,10,true,-1,true,-1
neon_coast,aurora_x,30.0,true,9001,4,12,false,0,false,0
freight_harbor,pulse_gt,100.0,false,611,0,6,true,-1,true,-1
freight_harbor,pulse_gt,100.0,false,611,1,12,true,-1,true,-1
freight_harbor,pulse_gt,100.0,false,611,2,12,true,-1,true,-1
freight_harbor,pulse_gt,100.0,false,611,3,6,true,-1,true,-1
freight_harbor,pulse_gt,100.0,false,611,4,12,true,-1,true,-1
freight_harbor,pulse_gt,100.0,false,2026,0,9,true,-1,true,-1
freight_harbor,pulse_gt,100.0,false,2026,1,12,true,-1,true,-1
freight_harbor,pulse_gt,100.0,false,2026,2,12,true,-1,true,-1
freight_harbor,pulse_gt,100.0,false,2026,3,9,true,-1,true,-1
freight_harbor,pulse_gt,100.0,false,2026,4,12,true,-1,true,-1
freight_harbor,pulse_gt,100.0,false,9001,0,10,true,-1,true,-1
freight_harbor,pulse_gt,100.0,false,9001,1,12,true,-1,true,-1
freight_harbor,pulse_gt,100.0,false,9001,2,12,true,-1,true,-1
freight_harbor,pulse_gt,100.0,false,9001,3,10,true,-1,true,-1
freight_harbor,pulse_gt,100.0,false,9001,4,12,true,-1,true,-1
freight_harbor,pulse_gt,100.0,true,611,0,6,true,-1,true,-1
freight_harbor,pulse_gt,100.0,true,611,1,12,true,-1,true,-1
freight_harbor,pulse_gt,100.0,true,611,2,12,true,-1,true,-1
freight_harbor,pulse_gt,100.0,true,611,3,6,true,-1,true,-1
freight_harbor,pulse_gt,100.0,true,611,4,12,true,-1,true,-1
freight_harbor,pulse_gt,100.0,true,2026,0,9,true,-1,true,-1
freight_harbor,pulse_gt,100.0,true,2026,1,12,true,-1,true,-1
freight_harbor,pulse_gt,100.0,true,2026,2,12,true,-1,true,-1
freight_harbor,pulse_gt,100.0,true,2026,3,9,true,-1,true,-1
freight_harbor,pulse_gt,100.0,true,2026,4,12,true,-1,true,-1
freight_harbor,pulse_gt,100.0,true,9001,0,10,true,-1,true,-1
freight_harbor,pulse_gt,100.0,true,9001,1,12,true,-1,true,-1
freight_harbor,pulse_gt,100.0,true,9001,2,12,true,-1,true,-1
freight_harbor,pulse_gt,100.0,true,9001,3,10,true,-1,true,-1
freight_harbor,pulse_gt,100.0,true,9001,4,12,true,-1,true,-1
freight_harbor,pulse_gt,30.0,false,611,0,6,true,-1,true,-1
freight_harbor,pulse_gt,30.0,false,611,1,12,true,-1,true,-1
freight_harbor,pulse_gt,30.0,false,611,2,12,true,-1,true,-1
freight_harbor,pulse_gt,30.0,false,611,3,6,true,-1,true,-1
freight_harbor,pulse_gt,30.0,false,611,4,12,true,-1,true,-1
freight_harbor,pulse_gt,30.0,false,2026,0,9,true,-1,true,-1
freight_harbor,pulse_gt,30.0,false,2026,1,12,true,-1,true,-1
freight_harbor,pulse_gt,30.0,false,2026,2,12,true,-1,true,-1
freight_harbor,pulse_gt,30.0,false,2026,3,9,true,-1,true,-1
freight_harbor,pulse_gt,30.0,false,2026,4,12,true,-1,true,-1
freight_harbor,pulse_gt,30.0,false,9001,0,10,true,-1,true,-1
freight_harbor,pulse_gt,30.0,false,9001,1,12,true,-1,true,-1
freight_harbor,pulse_gt,30.0,false,9001,2,12,true,-1,true,-1
freight_harbor,pulse_gt,30.0,false,9001,3,10,true,-1,true,-1
freight_harbor,pulse_gt,30.0,false,9001,4,12,true,-1,true,-1
freight_harbor,pulse_gt,30.0,true,611,0,6,true,-1,true,-1
freight_harbor,pulse_gt,30.0,true,611,1,12,true,-1,true,-1
freight_harbor,pulse_gt,30.0,true,611,2,12,true,-1,true,-1
freight_harbor,pulse_gt,30.0,true,611,3,6,true,-1,true,-1
freight_harbor,pulse_gt,30.0,true,611,4,12,true,-1,true,-1
freight_harbor,pulse_gt,30.0,true,2026,0,9,true,-1,true,-1
freight_harbor,pulse_gt,30.0,true,2026,1,12,true,-1,true,-1
freight_harbor,pulse_gt,30.0,true,2026,2,12,true,-1,true,-1
freight_harbor,pulse_gt,30.0,true,2026,3,9,true,-1,true,-1
freight_harbor,pulse_gt,30.0,true,2026,4,12,true,-1,true,-1
freight_harbor,pulse_gt,30.0,true,9001,0,10,true,-1,true,-1
freight_harbor,pulse_gt,30.0,true,9001,1,12,true,-1,true,-1
freight_harbor,pulse_gt,30.0,true,9001,2,12,true,-1,true,-1
freight_harbor,pulse_gt,30.0,true,9001,3,10,true,-1,true,-1
freight_harbor,pulse_gt,30.0,true,9001,4,12,true,-1,true,-1
freight_harbor,driftwing,100.0,false,611,0,6,true,-1,true,-1
freight_harbor,driftwing,100.0,false,611,1,12,true,-1,true,-1
freight_harbor,driftwing,100.0,false,611,2,12,true,-1,true,-1
freight_harbor,driftwing,100.0,false,611,3,6,true,-1,true,-1
freight_harbor,driftwing,100.0,false,611,4,12,true,-1,true,-1
freight_harbor,driftwing,100.0,false,2026,0,9,true,-1,true,-1
freight_harbor,driftwing,100.0,false,2026,1,12,true,-1,true,-1
freight_harbor,driftwing,100.0,false,2026,2,12,true,-1,true,-1
freight_harbor,driftwing,100.0,false,2026,3,9,true,-1,true,-1
freight_harbor,driftwing,100.0,false,2026,4,12,true,-1,true,-1
freight_harbor,driftwing,100.0,false,9001,0,10,true,-1,true,-1
freight_harbor,driftwing,100.0,false,9001,1,12,true,-1,true,-1
freight_harbor,driftwing,100.0,false,9001,2,12,true,-1,true,-1
freight_harbor,driftwing,100.0,false,9001,3,10,true,-1,true,-1
freight_harbor,driftwing,100.0,false,9001,4,12,true,-1,true,-1
freight_harbor,driftwing,100.0,true,611,0,6,true,-1,true,-1
freight_harbor,driftwing,100.0,true,611,1,12,true,-1,true,-1
freight_harbor,driftwing,100.0,true,611,2,12,true,-1,true,-1
freight_harbor,driftwing,100.0,true,611,3,6,true,-1,true,-1
freight_harbor,driftwing,100.0,true,611,4,12,true,-1,true,-1
freight_harbor,driftwing,100.0,true,2026,0,9,true,-1,true,-1
freight_harbor,driftwing,100.0,true,2026,1,12,true,-1,true,-1
freight_harbor,driftwing,100.0,true,2026,2,12,true,-1,true,-1
freight_harbor,driftwing,100.0,true,2026,3,9,true,-1,true,-1
freight_harbor,driftwing,100.0,true,2026,4,12,true,-1,true,-1
freight_harbor,driftwing,100.0,true,9001,0,10,true,-1,true,-1
freight_harbor,driftwing,100.0,true,9001,1,12,true,-1,true,-1
freight_harbor,driftwing,100.0,true,9001,2,12,true,-1,true,-1
freight_harbor,driftwing,100.0,true,9001,3,10,true,-1,true,-1
freight_harbor,driftwing,100.0,true,9001,4,12,true,-1,true,-1
freight_harbor,driftwing,30.0,false,611,0,6,true,-1,true,-1
freight_harbor,driftwing,30.0,false,611,1,12,true,-1,true,-1
freight_harbor,driftwing,30.0,false,611,2,12,true,-1,true,-1
freight_harbor,driftwing,30.0,false,611,3,6,true,-1,true,-1
freight_harbor,driftwing,30.0,false,611,4,12,true,-1,true,-1
freight_harbor,driftwing,30.0,false,2026,0,9,true,-1,true,-1
freight_harbor,driftwing,30.0,false,2026,1,12,true,-1,true,-1
freight_harbor,driftwing,30.0,false,2026,2,12,true,-1,true,-1
freight_harbor,driftwing,30.0,false,2026,3,9,true,-1,true,-1
freight_harbor,driftwing,30.0,false,2026,4,12,true,-1,true,-1
freight_harbor,driftwing,30.0,false,9001,0,10,true,-1,true,-1
freight_harbor,driftwing,30.0,false,9001,1,12,true,-1,true,-1
freight_harbor,driftwing,30.0,false,9001,2,12,true,-1,true,-1
freight_harbor,driftwing,30.0,false,9001,3,10,true,-1,true,-1
freight_harbor,driftwing,30.0,false,9001,4,12,true,-1,true,-1
freight_harbor,driftwing,30.0,true,611,0,6,true,-1,true,-1
freight_harbor,driftwing,30.0,true,611,1,12,true,-1,true,-1
freight_harbor,driftwing,30.0,true,611,2,12,true,-1,true,-1
freight_harbor,driftwing,30.0,true,611,3,6,true,-1,true,-1
freight_harbor,driftwing,30.0,true,611,4,12,true,-1,true,-1
freight_harbor,driftwing,30.0,true,2026,0,9,true,-1,true,-1
freight_harbor,driftwing,30.0,true,2026,1,12,true,-1,true,-1
freight_harbor,driftwing,30.0,true,2026,2,12,true,-1,true,-1
freight_harbor,driftwing,30.0,true,2026,3,9,true,-1,true,-1
freight_harbor,driftwing,30.0,true,2026,4,12,true,-1,true,-1
freight_harbor,driftwing,30.0,true,9001,0,10,true,-1,true,-1
freight_harbor,driftwing,30.0,true,9001,1,12,true,-1,true,-1
freight_harbor,driftwing,30.0,true,9001,2,12,true,-1,true,-1
freight_harbor,driftwing,30.0,true,9001,3,10,true,-1,true,-1
freight_harbor,driftwing,30.0,true,9001,4,12,true,-1,true,-1
freight_harbor,flashpoint,100.0,false,611,0,6,true,-1,true,-1
freight_harbor,flashpoint,100.0,false,611,1,12,true,-1,true,-1
freight_harbor,flashpoint,100.0,false,611,2,12,true,-1,true,-1
freight_harbor,flashpoint,100.0,false,611,3,6,true,-1,true,-1
freight_harbor,flashpoint,100.0,false,611,4,12,true,-1,true,-1
freight_harbor,flashpoint,100.0,false,2026,0,9,true,-1,true,-1
freight_harbor,flashpoint,100.0,false,2026,1,12,true,-1,true,-1
freight_harbor,flashpoint,100.0,false,2026,2,12,true,-1,true,-1
freight_harbor,flashpoint,100.0,false,2026,3,9,true,-1,true,-1
freight_harbor,flashpoint,100.0,false,2026,4,12,true,-1,true,-1
freight_harbor,flashpoint,100.0,false,9001,0,10,true,-1,true,-1
freight_harbor,flashpoint,100.0,false,9001,1,12,true,-1,true,-1
freight_harbor,flashpoint,100.0,false,9001,2,12,true,-1,true,-1
freight_harbor,flashpoint,100.0,false,9001,3,10,true,-1,true,-1
freight_harbor,flashpoint,100.0,false,9001,4,12,true,-1,true,-1
freight_harbor,flashpoint,100.0,true,611,0,6,true,-1,true,-1
freight_harbor,flashpoint,100.0,true,611,1,12,true,-1,true,-1
freight_harbor,flashpoint,100.0,true,611,2,12,true,-1,true,-1
freight_harbor,flashpoint,100.0,true,611,3,6,true,-1,true,-1
freight_harbor,flashpoint,100.0,true,611,4,12,true,-1,true,-1
freight_harbor,flashpoint,100.0,true,2026,0,9,true,-1,true,-1
freight_harbor,flashpoint,100.0,true,2026,1,12,true,-1,true,-1
freight_harbor,flashpoint,100.0,true,2026,2,12,true,-1,true,-1
freight_harbor,flashpoint,100.0,true,2026,3,9,true,-1,true,-1
freight_harbor,flashpoint,100.0,true,2026,4,12,true,-1,true,-1
freight_harbor,flashpoint,100.0,true,9001,0,10,true,-1,true,-1
freight_harbor,flashpoint,100.0,true,9001,1,12,true,-1,true,-1
freight_harbor,flashpoint,100.0,true,9001,2,12,true,-1,true,-1
freight_harbor,flashpoint,100.0,true,9001,3,10,true,-1,true,-1
freight_harbor,flashpoint,100.0,true,9001,4,12,true,-1,true,-1
freight_harbor,flashpoint,30.0,false,611,0,6,true,-1,true,-1
freight_harbor,flashpoint,30.0,false,611,1,12,true,-1,true,-1
freight_harbor,flashpoint,30.0,false,611,2,12,true,-1,true,-1
freight_harbor,flashpoint,30.0,false,611,3,6,true,-1,true,-1
freight_harbor,flashpoint,30.0,false,611,4,12,true,-1,true,-1
freight_harbor,flashpoint,30.0,false,2026,0,9,true,-1,true,-1
freight_harbor,flashpoint,30.0,false,2026,1,12,true,-1,true,-1
freight_harbor,flashpoint,30.0,false,2026,2,12,true,-1,true,-1
freight_harbor,flashpoint,30.0,false,2026,3,9,true,-1,true,-1
freight_harbor,flashpoint,30.0,false,2026,4,12,true,-1,true,-1
freight_harbor,flashpoint,30.0,false,9001,0,10,true,-1,true,-1
freight_harbor,flashpoint,30.0,false,9001,1,12,true,-1,true,-1
freight_harbor,flashpoint,30.0,false,9001,2,12,true,-1,true,-1
freight_harbor,flashpoint,30.0,false,9001,3,10,true,-1,true,-1
freight_harbor,flashpoint,30.0,false,9001,4,12,true,-1,true,-1
freight_harbor,flashpoint,30.0,true,611,0,6,true,-1,true,-1
freight_harbor,flashpoint,30.0,true,611,1,12,true,-1,true,-1
freight_harbor,flashpoint,30.0,true,611,2,12,true,-1,true,-1
freight_harbor,flashpoint,30.0,true,611,3,6,true,-1,true,-1
freight_harbor,flashpoint,30.0,true,611,4,12,true,-1,true,-1
freight_harbor,flashpoint,30.0,true,2026,0,9,true,-1,true,-1
freight_harbor,flashpoint,30.0,true,2026,1,12,true,-1,true,-1
freight_harbor,flashpoint,30.0,true,2026,2,12,true,-1,true,-1
freight_harbor,flashpoint,30.0,true,2026,3,9,true,-1,true,-1
freight_harbor,flashpoint,30.0,true,2026,4,12,true,-1,true,-1
freight_harbor,flashpoint,30.0,true,9001,0,10,true,-1,true,-1
freight_harbor,flashpoint,30.0,true,9001,1,12,true,-1,true,-1
freight_harbor,flashpoint,30.0,true,9001,2,12,true,-1,true,-1
freight_harbor,flashpoint,30.0,true,9001,3,10,true,-1,true,-1
freight_harbor,flashpoint,30.0,true,9001,4,12,true,-1,true,-1
freight_harbor,comet_rs,100.0,false,611,0,6,true,-1,true,-1
freight_harbor,comet_rs,100.0,false,611,1,12,true,-1,true,-1
freight_harbor,comet_rs,100.0,false,611,2,12,true,-1,true,-1
freight_harbor,comet_rs,100.0,false,611,3,6,true,-1,true,-1
freight_harbor,comet_rs,100.0,false,611,4,12,true,-1,true,-1
freight_harbor,comet_rs,100.0,false,2026,0,9,true,-1,true,-1
freight_harbor,comet_rs,100.0,false,2026,1,12,true,-1,true,-1
freight_harbor,comet_rs,100.0,false,2026,2,12,true,-1,true,-1
freight_harbor,comet_rs,100.0,false,2026,3,9,true,-1,true,-1
freight_harbor,comet_rs,100.0,false,2026,4,12,true,-1,true,-1
freight_harbor,comet_rs,100.0,false,9001,0,10,true,-1,true,-1
freight_harbor,comet_rs,100.0,false,9001,1,12,true,-1,true,-1
freight_harbor,comet_rs,100.0,false,9001,2,12,true,-1,true,-1
freight_harbor,comet_rs,100.0,false,9001,3,10,true,-1,true,-1
freight_harbor,comet_rs,100.0,false,9001,4,12,true,-1,true,-1
freight_harbor,comet_rs,100.0,true,611,0,6,false,0,true,-1
freight_harbor,comet_rs,100.0,true,611,1,12,false,0,true,-1
freight_harbor,comet_rs,100.0,true,611,2,12,false,0,true,-1
freight_harbor,comet_rs,100.0,true,611,3,6,true,-1,true,-1
freight_harbor,comet_rs,100.0,true,611,4,12,false,0,true,-1
freight_harbor,comet_rs,100.0,true,2026,0,9,true,-1,true,-1
freight_harbor,comet_rs,100.0,true,2026,1,12,true,-1,true,-1
freight_harbor,comet_rs,100.0,true,2026,2,12,true,-1,true,-1
freight_harbor,comet_rs,100.0,true,2026,3,9,true,-1,true,-1
freight_harbor,comet_rs,100.0,true,2026,4,12,true,-1,true,-1
freight_harbor,comet_rs,100.0,true,9001,0,10,false,0,true,-1
freight_harbor,comet_rs,100.0,true,9001,1,12,false,0,true,-1
freight_harbor,comet_rs,100.0,true,9001,2,12,false,0,true,-1
freight_harbor,comet_rs,100.0,true,9001,3,10,true,-1,true,-1
freight_harbor,comet_rs,100.0,true,9001,4,12,false,0,true,-1
freight_harbor,comet_rs,30.0,false,611,0,6,true,-1,true,-1
freight_harbor,comet_rs,30.0,false,611,1,12,true,-1,true,-1
freight_harbor,comet_rs,30.0,false,611,2,12,true,-1,true,-1
freight_harbor,comet_rs,30.0,false,611,3,6,true,-1,true,-1
freight_harbor,comet_rs,30.0,false,611,4,12,true,-1,true,-1
freight_harbor,comet_rs,30.0,false,2026,0,9,true,-1,true,-1
freight_harbor,comet_rs,30.0,false,2026,1,12,true,-1,true,-1
freight_harbor,comet_rs,30.0,false,2026,2,12,true,-1,true,-1
freight_harbor,comet_rs,30.0,false,2026,3,9,true,-1,true,-1
freight_harbor,comet_rs,30.0,false,2026,4,12,true,-1,true,-1
freight_harbor,comet_rs,30.0,false,9001,0,10,true,-1,true,-1
freight_harbor,comet_rs,30.0,false,9001,1,12,true,-1,true,-1
freight_harbor,comet_rs,30.0,false,9001,2,12,true,-1,true,-1
freight_harbor,comet_rs,30.0,false,9001,3,10,true,-1,true,-1
freight_harbor,comet_rs,30.0,false,9001,4,12,true,-1,true,-1
freight_harbor,comet_rs,30.0,true,611,0,6,false,0,false,0
freight_harbor,comet_rs,30.0,true,611,1,12,false,0,false,0
freight_harbor,comet_rs,30.0,true,611,2,12,false,0,false,0
freight_harbor,comet_rs,30.0,true,611,3,6,false,0,true,-1
freight_harbor,comet_rs,30.0,true,611,4,12,false,0,false,0
freight_harbor,comet_rs,30.0,true,2026,0,9,true,-1,true,-1
freight_harbor,comet_rs,30.0,true,2026,1,12,true,-1,true,-1
freight_harbor,comet_rs,30.0,true,2026,2,12,true,-1,true,-1
freight_harbor,comet_rs,30.0,true,2026,3,9,false,0,true,-1
freight_harbor,comet_rs,30.0,true,2026,4,12,true,-1,true,-1
freight_harbor,comet_rs,30.0,true,9001,0,10,false,0,false,0
freight_harbor,comet_rs,30.0,true,9001,1,12,false,0,false,0
freight_harbor,comet_rs,30.0,true,9001,2,12,false,0,false,0
freight_harbor,comet_rs,30.0,true,9001,3,10,false,0,true,-1
freight_harbor,comet_rs,30.0,true,9001,4,12,false,0,false,0
freight_harbor,tidebreaker,100.0,false,611,0,6,true,-1,true,-1
freight_harbor,tidebreaker,100.0,false,611,1,12,true,-1,true,-1
freight_harbor,tidebreaker,100.0,false,611,2,12,true,-1,true,-1
freight_harbor,tidebreaker,100.0,false,611,3,6,true,-1,true,-1
freight_harbor,tidebreaker,100.0,false,611,4,12,true,-1,true,-1
freight_harbor,tidebreaker,100.0,false,2026,0,9,true,-1,true,-1
freight_harbor,tidebreaker,100.0,false,2026,1,12,true,-1,true,-1
freight_harbor,tidebreaker,100.0,false,2026,2,12,true,-1,true,-1
freight_harbor,tidebreaker,100.0,false,2026,3,9,true,-1,true,-1
freight_harbor,tidebreaker,100.0,false,2026,4,12,true,-1,true,-1
freight_harbor,tidebreaker,100.0,false,9001,0,10,true,-1,true,-1
freight_harbor,tidebreaker,100.0,false,9001,1,12,true,-1,true,-1
freight_harbor,tidebreaker,100.0,false,9001,2,12,true,-1,true,-1
freight_harbor,tidebreaker,100.0,false,9001,3,10,true,-1,true,-1
freight_harbor,tidebreaker,100.0,false,9001,4,12,true,-1,true,-1
freight_harbor,tidebreaker,100.0,true,611,0,6,true,-1,true,-1
freight_harbor,tidebreaker,100.0,true,611,1,12,true,-1,true,-1
freight_harbor,tidebreaker,100.0,true,611,2,12,true,-1,true,-1
freight_harbor,tidebreaker,100.0,true,611,3,6,true,-1,true,-1
freight_harbor,tidebreaker,100.0,true,611,4,12,true,-1,true,-1
freight_harbor,tidebreaker,100.0,true,2026,0,9,true,-1,true,-1
freight_harbor,tidebreaker,100.0,true,2026,1,12,true,-1,true,-1
freight_harbor,tidebreaker,100.0,true,2026,2,12,true,-1,true,-1
freight_harbor,tidebreaker,100.0,true,2026,3,9,true,-1,true,-1
freight_harbor,tidebreaker,100.0,true,2026,4,12,true,-1,true,-1
freight_harbor,tidebreaker,100.0,true,9001,0,10,true,-1,true,-1
freight_harbor,tidebreaker,100.0,true,9001,1,12,true,-1,true,-1
freight_harbor,tidebreaker,100.0,true,9001,2,12,true,-1,true,-1
freight_harbor,tidebreaker,100.0,true,9001,3,10,true,-1,true,-1
freight_harbor,tidebreaker,100.0,true,9001,4,12,true,-1,true,-1
freight_harbor,tidebreaker,30.0,false,611,0,6,true,-1,true,-1
freight_harbor,tidebreaker,30.0,false,611,1,12,true,-1,true,-1
freight_harbor,tidebreaker,30.0,false,611,2,12,true,-1,true,-1
freight_harbor,tidebreaker,30.0,false,611,3,6,true,-1,true,-1
freight_harbor,tidebreaker,30.0,false,611,4,12,true,-1,true,-1
freight_harbor,tidebreaker,30.0,false,2026,0,9,true,-1,true,-1
freight_harbor,tidebreaker,30.0,false,2026,1,12,true,-1,true,-1
freight_harbor,tidebreaker,30.0,false,2026,2,12,true,-1,true,-1
freight_harbor,tidebreaker,30.0,false,2026,3,9,true,-1,true,-1
freight_harbor,tidebreaker,30.0,false,2026,4,12,true,-1,true,-1
freight_harbor,tidebreaker,30.0,false,9001,0,10,true,-1,true,-1
freight_harbor,tidebreaker,30.0,false,9001,1,12,true,-1,true,-1
freight_harbor,tidebreaker,30.0,false,9001,2,12,true,-1,true,-1
freight_harbor,tidebreaker,30.0,false,9001,3,10,true,-1,true,-1
freight_harbor,tidebreaker,30.0,false,9001,4,12,true,-1,true,-1
freight_harbor,tidebreaker,30.0,true,611,0,6,true,-1,true,-1
freight_harbor,tidebreaker,30.0,true,611,1,12,true,-1,true,-1
freight_harbor,tidebreaker,30.0,true,611,2,12,true,-1,true,-1
freight_harbor,tidebreaker,30.0,true,611,3,6,true,-1,true,-1
freight_harbor,tidebreaker,30.0,true,611,4,12,true,-1,true,-1
freight_harbor,tidebreaker,30.0,true,2026,0,9,true,-1,true,-1
freight_harbor,tidebreaker,30.0,true,2026,1,12,true,-1,true,-1
freight_harbor,tidebreaker,30.0,true,2026,2,12,true,-1,true,-1
freight_harbor,tidebreaker,30.0,true,2026,3,9,true,-1,true,-1
freight_harbor,tidebreaker,30.0,true,2026,4,12,true,-1,true,-1
freight_harbor,tidebreaker,30.0,true,9001,0,10,true,-1,true,-1
freight_harbor,tidebreaker,30.0,true,9001,1,12,true,-1,true,-1
freight_harbor,tidebreaker,30.0,true,9001,2,12,true,-1,true,-1
freight_harbor,tidebreaker,30.0,true,9001,3,10,true,-1,true,-1
freight_harbor,tidebreaker,30.0,true,9001,4,12,true,-1,true,-1
freight_harbor,aurora_x,100.0,false,611,0,6,true,-1,true,-1
freight_harbor,aurora_x,100.0,false,611,1,12,true,-1,true,-1
freight_harbor,aurora_x,100.0,false,611,2,12,true,-1,true,-1
freight_harbor,aurora_x,100.0,false,611,3,6,true,-1,true,-1
freight_harbor,aurora_x,100.0,false,611,4,12,true,-1,true,-1
freight_harbor,aurora_x,100.0,false,2026,0,9,true,-1,true,-1
freight_harbor,aurora_x,100.0,false,2026,1,12,true,-1,true,-1
freight_harbor,aurora_x,100.0,false,2026,2,12,true,-1,true,-1
freight_harbor,aurora_x,100.0,false,2026,3,9,true,-1,true,-1
freight_harbor,aurora_x,100.0,false,2026,4,12,true,-1,true,-1
freight_harbor,aurora_x,100.0,false,9001,0,10,true,-1,true,-1
freight_harbor,aurora_x,100.0,false,9001,1,12,true,-1,true,-1
freight_harbor,aurora_x,100.0,false,9001,2,12,true,-1,true,-1
freight_harbor,aurora_x,100.0,false,9001,3,10,true,-1,true,-1
freight_harbor,aurora_x,100.0,false,9001,4,12,true,-1,true,-1
freight_harbor,aurora_x,100.0,true,611,0,6,false,0,true,-1
freight_harbor,aurora_x,100.0,true,611,1,12,false,0,true,-1
freight_harbor,aurora_x,100.0,true,611,2,12,false,0,true,-1
freight_harbor,aurora_x,100.0,true,611,3,6,true,-1,true,-1
freight_harbor,aurora_x,100.0,true,611,4,12,false,0,true,-1
freight_harbor,aurora_x,100.0,true,2026,0,9,true,-1,true,-1
freight_harbor,aurora_x,100.0,true,2026,1,12,true,-1,true,-1
freight_harbor,aurora_x,100.0,true,2026,2,12,true,-1,true,-1
freight_harbor,aurora_x,100.0,true,2026,3,9,true,-1,true,-1
freight_harbor,aurora_x,100.0,true,2026,4,12,true,-1,true,-1
freight_harbor,aurora_x,100.0,true,9001,0,10,false,0,true,-1
freight_harbor,aurora_x,100.0,true,9001,1,12,false,0,true,-1
freight_harbor,aurora_x,100.0,true,9001,2,12,false,0,true,-1
freight_harbor,aurora_x,100.0,true,9001,3,10,true,-1,true,-1
freight_harbor,aurora_x,100.0,true,9001,4,12,false,0,true,-1
freight_harbor,aurora_x,30.0,false,611,0,6,true,-1,true,-1
freight_harbor,aurora_x,30.0,false,611,1,12,true,-1,true,-1
freight_harbor,aurora_x,30.0,false,611,2,12,true,-1,true,-1
freight_harbor,aurora_x,30.0,false,611,3,6,true,-1,true,-1
freight_harbor,aurora_x,30.0,false,611,4,12,true,-1,true,-1
freight_harbor,aurora_x,30.0,false,2026,0,9,true,-1,true,-1
freight_harbor,aurora_x,30.0,false,2026,1,12,true,-1,true,-1
freight_harbor,aurora_x,30.0,false,2026,2,12,true,-1,true,-1
freight_harbor,aurora_x,30.0,false,2026,3,9,true,-1,true,-1
freight_harbor,aurora_x,30.0,false,2026,4,12,true,-1,true,-1
freight_harbor,aurora_x,30.0,false,9001,0,10,true,-1,true,-1
freight_harbor,aurora_x,30.0,false,9001,1,12,true,-1,true,-1
freight_harbor,aurora_x,30.0,false,9001,2,12,true,-1,true,-1
freight_harbor,aurora_x,30.0,false,9001,3,10,true,-1,true,-1
freight_harbor,aurora_x,30.0,false,9001,4,12,true,-1,true,-1
freight_harbor,aurora_x,30.0,true,611,0,6,false,0,false,0
freight_harbor,aurora_x,30.0,true,611,1,12,false,0,false,0
freight_harbor,aurora_x,30.0,true,611,2,12,false,0,false,0
freight_harbor,aurora_x,30.0,true,611,3,6,true,-1,true,-1
freight_harbor,aurora_x,30.0,true,611,4,12,false,0,false,0
freight_harbor,aurora_x,30.0,true,2026,0,9,true,-1,true,-1
freight_harbor,aurora_x,30.0,true,2026,1,12,true,-1,true,-1
freight_harbor,aurora_x,30.0,true,2026,2,12,true,-1,true,-1
freight_harbor,aurora_x,30.0,true,2026,3,9,true,-1,true,-1
freight_harbor,aurora_x,30.0,true,2026,4,12,true,-1,true,-1
freight_harbor,aurora_x,30.0,true,9001,0,10,false,0,false,0
freight_harbor,aurora_x,30.0,true,9001,1,12,false,0,false,0
freight_harbor,aurora_x,30.0,true,9001,2,12,false,0,false,0
freight_harbor,aurora_x,30.0,true,9001,3,10,true,-1,true,-1
freight_harbor,aurora_x,30.0,true,9001,4,12,false,0,false,0
storm_ridge,pulse_gt,100.0,false,611,0,6,true,-1,true,-1
storm_ridge,pulse_gt,100.0,false,611,1,12,true,-1,true,-1
storm_ridge,pulse_gt,100.0,false,611,2,12,true,-1,true,-1
storm_ridge,pulse_gt,100.0,false,611,3,6,true,-1,true,-1
storm_ridge,pulse_gt,100.0,false,611,4,12,true,-1,true,-1
storm_ridge,pulse_gt,100.0,false,2026,0,9,true,-1,true,-1
storm_ridge,pulse_gt,100.0,false,2026,1,12,true,-1,true,-1
storm_ridge,pulse_gt,100.0,false,2026,2,12,true,-1,true,-1
storm_ridge,pulse_gt,100.0,false,2026,3,9,true,-1,true,-1
storm_ridge,pulse_gt,100.0,false,2026,4,12,true,-1,true,-1
storm_ridge,pulse_gt,100.0,false,9001,0,10,true,-1,true,-1
storm_ridge,pulse_gt,100.0,false,9001,1,12,true,-1,true,-1
storm_ridge,pulse_gt,100.0,false,9001,2,12,true,-1,true,-1
storm_ridge,pulse_gt,100.0,false,9001,3,10,true,-1,true,-1
storm_ridge,pulse_gt,100.0,false,9001,4,12,true,-1,true,-1
storm_ridge,pulse_gt,100.0,true,611,0,6,true,-1,true,-1
storm_ridge,pulse_gt,100.0,true,611,1,12,true,-1,true,-1
storm_ridge,pulse_gt,100.0,true,611,2,12,true,-1,true,-1
storm_ridge,pulse_gt,100.0,true,611,3,6,true,-1,true,-1
storm_ridge,pulse_gt,100.0,true,611,4,12,true,-1,true,-1
storm_ridge,pulse_gt,100.0,true,2026,0,9,true,-1,true,-1
storm_ridge,pulse_gt,100.0,true,2026,1,12,true,-1,true,-1
storm_ridge,pulse_gt,100.0,true,2026,2,12,true,-1,true,-1
storm_ridge,pulse_gt,100.0,true,2026,3,9,true,-1,true,-1
storm_ridge,pulse_gt,100.0,true,2026,4,12,true,-1,true,-1
storm_ridge,pulse_gt,100.0,true,9001,0,10,true,-1,true,-1
storm_ridge,pulse_gt,100.0,true,9001,1,12,true,-1,true,-1
storm_ridge,pulse_gt,100.0,true,9001,2,12,true,-1,true,-1
storm_ridge,pulse_gt,100.0,true,9001,3,10,true,-1,true,-1
storm_ridge,pulse_gt,100.0,true,9001,4,12,true,-1,true,-1
storm_ridge,pulse_gt,30.0,false,611,0,6,true,-1,true,-1
storm_ridge,pulse_gt,30.0,false,611,1,12,true,-1,true,-1
storm_ridge,pulse_gt,30.0,false,611,2,12,true,-1,true,-1
storm_ridge,pulse_gt,30.0,false,611,3,6,true,-1,true,-1
storm_ridge,pulse_gt,30.0,false,611,4,12,true,-1,true,-1
storm_ridge,pulse_gt,30.0,false,2026,0,9,true,-1,true,-1
storm_ridge,pulse_gt,30.0,false,2026,1,12,true,-1,true,-1
storm_ridge,pulse_gt,30.0,false,2026,2,12,true,-1,true,-1
storm_ridge,pulse_gt,30.0,false,2026,3,9,true,-1,true,-1
storm_ridge,pulse_gt,30.0,false,2026,4,12,true,-1,true,-1
storm_ridge,pulse_gt,30.0,false,9001,0,10,true,-1,true,-1
storm_ridge,pulse_gt,30.0,false,9001,1,12,true,-1,true,-1
storm_ridge,pulse_gt,30.0,false,9001,2,12,true,-1,true,-1
storm_ridge,pulse_gt,30.0,false,9001,3,10,true,-1,true,-1
storm_ridge,pulse_gt,30.0,false,9001,4,12,true,-1,true,-1
storm_ridge,pulse_gt,30.0,true,611,0,6,true,-1,true,-1
storm_ridge,pulse_gt,30.0,true,611,1,12,true,-1,true,-1
storm_ridge,pulse_gt,30.0,true,611,2,12,true,-1,true,-1
storm_ridge,pulse_gt,30.0,true,611,3,6,true,-1,true,-1
storm_ridge,pulse_gt,30.0,true,611,4,12,true,-1,true,-1
storm_ridge,pulse_gt,30.0,true,2026,0,9,true,-1,true,-1
storm_ridge,pulse_gt,30.0,true,2026,1,12,true,-1,true,-1
storm_ridge,pulse_gt,30.0,true,2026,2,12,true,-1,true,-1
storm_ridge,pulse_gt,30.0,true,2026,3,9,true,-1,true,-1
storm_ridge,pulse_gt,30.0,true,2026,4,12,true,-1,true,-1
storm_ridge,pulse_gt,30.0,true,9001,0,10,true,-1,true,-1
storm_ridge,pulse_gt,30.0,true,9001,1,12,true,-1,true,-1
storm_ridge,pulse_gt,30.0,true,9001,2,12,true,-1,true,-1
storm_ridge,pulse_gt,30.0,true,9001,3,10,true,-1,true,-1
storm_ridge,pulse_gt,30.0,true,9001,4,12,true,-1,true,-1
storm_ridge,driftwing,100.0,false,611,0,6,true,-1,true,-1
storm_ridge,driftwing,100.0,false,611,1,12,true,-1,true,-1
storm_ridge,driftwing,100.0,false,611,2,12,true,-1,true,-1
storm_ridge,driftwing,100.0,false,611,3,6,true,-1,true,-1
storm_ridge,driftwing,100.0,false,611,4,12,true,-1,true,-1
storm_ridge,driftwing,100.0,false,2026,0,9,true,-1,true,-1
storm_ridge,driftwing,100.0,false,2026,1,12,true,-1,true,-1
storm_ridge,driftwing,100.0,false,2026,2,12,true,-1,true,-1
storm_ridge,driftwing,100.0,false,2026,3,9,true,-1,true,-1
storm_ridge,driftwing,100.0,false,2026,4,12,true,-1,true,-1
storm_ridge,driftwing,100.0,false,9001,0,10,true,-1,true,-1
storm_ridge,driftwing,100.0,false,9001,1,12,true,-1,true,-1
storm_ridge,driftwing,100.0,false,9001,2,12,true,-1,true,-1
storm_ridge,driftwing,100.0,false,9001,3,10,true,-1,true,-1
storm_ridge,driftwing,100.0,false,9001,4,12,true,-1,true,-1
storm_ridge,driftwing,100.0,true,611,0,6,true,-1,true,-1
storm_ridge,driftwing,100.0,true,611,1,12,true,-1,true,-1
storm_ridge,driftwing,100.0,true,611,2,12,true,-1,true,-1
storm_ridge,driftwing,100.0,true,611,3,6,true,-1,true,-1
storm_ridge,driftwing,100.0,true,611,4,12,true,-1,true,-1
storm_ridge,driftwing,100.0,true,2026,0,9,true,-1,true,-1
storm_ridge,driftwing,100.0,true,2026,1,12,true,-1,true,-1
storm_ridge,driftwing,100.0,true,2026,2,12,true,-1,true,-1
storm_ridge,driftwing,100.0,true,2026,3,9,true,-1,true,-1
storm_ridge,driftwing,100.0,true,2026,4,12,true,-1,true,-1
storm_ridge,driftwing,100.0,true,9001,0,10,true,-1,true,-1
storm_ridge,driftwing,100.0,true,9001,1,12,true,-1,true,-1
storm_ridge,driftwing,100.0,true,9001,2,12,true,-1,true,-1
storm_ridge,driftwing,100.0,true,9001,3,10,true,-1,true,-1
storm_ridge,driftwing,100.0,true,9001,4,12,true,-1,true,-1
storm_ridge,driftwing,30.0,false,611,0,6,true,-1,true,-1
storm_ridge,driftwing,30.0,false,611,1,12,true,-1,true,-1
storm_ridge,driftwing,30.0,false,611,2,12,true,-1,true,-1
storm_ridge,driftwing,30.0,false,611,3,6,true,-1,true,-1
storm_ridge,driftwing,30.0,false,611,4,12,true,-1,true,-1
storm_ridge,driftwing,30.0,false,2026,0,9,true,-1,true,-1
storm_ridge,driftwing,30.0,false,2026,1,12,true,-1,true,-1
storm_ridge,driftwing,30.0,false,2026,2,12,true,-1,true,-1
storm_ridge,driftwing,30.0,false,2026,3,9,true,-1,true,-1
storm_ridge,driftwing,30.0,false,2026,4,12,true,-1,true,-1
storm_ridge,driftwing,30.0,false,9001,0,10,true,-1,true,-1
storm_ridge,driftwing,30.0,false,9001,1,12,true,-1,true,-1
storm_ridge,driftwing,30.0,false,9001,2,12,true,-1,true,-1
storm_ridge,driftwing,30.0,false,9001,3,10,true,-1,true,-1
storm_ridge,driftwing,30.0,false,9001,4,12,true,-1,true,-1
storm_ridge,driftwing,30.0,true,611,0,6,true,-1,true,-1
storm_ridge,driftwing,30.0,true,611,1,12,true,-1,true,-1
storm_ridge,driftwing,30.0,true,611,2,12,true,-1,true,-1
storm_ridge,driftwing,30.0,true,611,3,6,true,-1,true,-1
storm_ridge,driftwing,30.0,true,611,4,12,true,-1,true,-1
storm_ridge,driftwing,30.0,true,2026,0,9,true,-1,true,-1
storm_ridge,driftwing,30.0,true,2026,1,12,true,-1,true,-1
storm_ridge,driftwing,30.0,true,2026,2,12,true,-1,true,-1
storm_ridge,driftwing,30.0,true,2026,3,9,true,-1,true,-1
storm_ridge,driftwing,30.0,true,2026,4,12,true,-1,true,-1
storm_ridge,driftwing,30.0,true,9001,0,10,true,-1,true,-1
storm_ridge,driftwing,30.0,true,9001,1,12,true,-1,true,-1
storm_ridge,driftwing,30.0,true,9001,2,12,true,-1,true,-1
storm_ridge,driftwing,30.0,true,9001,3,10,true,-1,true,-1
storm_ridge,driftwing,30.0,true,9001,4,12,true,-1,true,-1
storm_ridge,flashpoint,100.0,false,611,0,6,true,-1,true,-1
storm_ridge,flashpoint,100.0,false,611,1,12,true,-1,true,-1
storm_ridge,flashpoint,100.0,false,611,2,12,true,-1,true,-1
storm_ridge,flashpoint,100.0,false,611,3,6,true,-1,true,-1
storm_ridge,flashpoint,100.0,false,611,4,12,true,-1,true,-1
storm_ridge,flashpoint,100.0,false,2026,0,9,true,-1,true,-1
storm_ridge,flashpoint,100.0,false,2026,1,12,true,-1,true,-1
storm_ridge,flashpoint,100.0,false,2026,2,12,true,-1,true,-1
storm_ridge,flashpoint,100.0,false,2026,3,9,true,-1,true,-1
storm_ridge,flashpoint,100.0,false,2026,4,12,true,-1,true,-1
storm_ridge,flashpoint,100.0,false,9001,0,10,true,-1,true,-1
storm_ridge,flashpoint,100.0,false,9001,1,12,true,-1,true,-1
storm_ridge,flashpoint,100.0,false,9001,2,12,true,-1,true,-1
storm_ridge,flashpoint,100.0,false,9001,3,10,true,-1,true,-1
storm_ridge,flashpoint,100.0,false,9001,4,12,true,-1,true,-1
storm_ridge,flashpoint,100.0,true,611,0,6,true,-1,true,-1
storm_ridge,flashpoint,100.0,true,611,1,12,true,-1,true,-1
storm_ridge,flashpoint,100.0,true,611,2,12,true,-1,true,-1
storm_ridge,flashpoint,100.0,true,611,3,6,true,-1,true,-1
storm_ridge,flashpoint,100.0,true,611,4,12,true,-1,true,-1
storm_ridge,flashpoint,100.0,true,2026,0,9,true,-1,true,-1
storm_ridge,flashpoint,100.0,true,2026,1,12,true,-1,true,-1
storm_ridge,flashpoint,100.0,true,2026,2,12,true,-1,true,-1
storm_ridge,flashpoint,100.0,true,2026,3,9,true,-1,true,-1
storm_ridge,flashpoint,100.0,true,2026,4,12,true,-1,true,-1
storm_ridge,flashpoint,100.0,true,9001,0,10,true,-1,true,-1
storm_ridge,flashpoint,100.0,true,9001,1,12,true,-1,true,-1
storm_ridge,flashpoint,100.0,true,9001,2,12,true,-1,true,-1
storm_ridge,flashpoint,100.0,true,9001,3,10,true,-1,true,-1
storm_ridge,flashpoint,100.0,true,9001,4,12,true,-1,true,-1
storm_ridge,flashpoint,30.0,false,611,0,6,true,-1,true,-1
storm_ridge,flashpoint,30.0,false,611,1,12,true,-1,true,-1
storm_ridge,flashpoint,30.0,false,611,2,12,true,-1,true,-1
storm_ridge,flashpoint,30.0,false,611,3,6,true,-1,true,-1
storm_ridge,flashpoint,30.0,false,611,4,12,true,-1,true,-1
storm_ridge,flashpoint,30.0,false,2026,0,9,true,-1,true,-1
storm_ridge,flashpoint,30.0,false,2026,1,12,true,-1,true,-1
storm_ridge,flashpoint,30.0,false,2026,2,12,true,-1,true,-1
storm_ridge,flashpoint,30.0,false,2026,3,9,true,-1,true,-1
storm_ridge,flashpoint,30.0,false,2026,4,12,true,-1,true,-1
storm_ridge,flashpoint,30.0,false,9001,0,10,true,-1,true,-1
storm_ridge,flashpoint,30.0,false,9001,1,12,true,-1,true,-1
storm_ridge,flashpoint,30.0,false,9001,2,12,true,-1,true,-1
storm_ridge,flashpoint,30.0,false,9001,3,10,true,-1,true,-1
storm_ridge,flashpoint,30.0,false,9001,4,12,true,-1,true,-1
storm_ridge,flashpoint,30.0,true,611,0,6,false,0,true,-1
storm_ridge,flashpoint,30.0,true,611,1,12,false,0,true,-1
storm_ridge,flashpoint,30.0,true,611,2,12,false,0,true,-1
storm_ridge,flashpoint,30.0,true,611,3,6,true,-1,true,-1
storm_ridge,flashpoint,30.0,true,611,4,12,false,0,true,-1
storm_ridge,flashpoint,30.0,true,2026,0,9,true,-1,true,-1
storm_ridge,flashpoint,30.0,true,2026,1,12,true,-1,true,-1
storm_ridge,flashpoint,30.0,true,2026,2,12,true,-1,true,-1
storm_ridge,flashpoint,30.0,true,2026,3,9,true,-1,true,-1
storm_ridge,flashpoint,30.0,true,2026,4,12,true,-1,true,-1
storm_ridge,flashpoint,30.0,true,9001,0,10,false,0,true,-1
storm_ridge,flashpoint,30.0,true,9001,1,12,false,0,true,-1
storm_ridge,flashpoint,30.0,true,9001,2,12,false,0,true,-1
storm_ridge,flashpoint,30.0,true,9001,3,10,true,-1,true,-1
storm_ridge,flashpoint,30.0,true,9001,4,12,false,0,true,-1
storm_ridge,comet_rs,100.0,false,611,0,6,true,-1,true,-1
storm_ridge,comet_rs,100.0,false,611,1,12,true,-1,true,-1
storm_ridge,comet_rs,100.0,false,611,2,12,true,-1,true,-1
storm_ridge,comet_rs,100.0,false,611,3,6,true,-1,true,-1
storm_ridge,comet_rs,100.0,false,611,4,12,true,-1,true,-1
storm_ridge,comet_rs,100.0,false,2026,0,9,true,-1,true,-1
storm_ridge,comet_rs,100.0,false,2026,1,12,true,-1,true,-1
storm_ridge,comet_rs,100.0,false,2026,2,12,true,-1,true,-1
storm_ridge,comet_rs,100.0,false,2026,3,9,true,-1,true,-1
storm_ridge,comet_rs,100.0,false,2026,4,12,true,-1,true,-1
storm_ridge,comet_rs,100.0,false,9001,0,10,true,-1,true,-1
storm_ridge,comet_rs,100.0,false,9001,1,12,true,-1,true,-1
storm_ridge,comet_rs,100.0,false,9001,2,12,true,-1,true,-1
storm_ridge,comet_rs,100.0,false,9001,3,10,true,-1,true,-1
storm_ridge,comet_rs,100.0,false,9001,4,12,true,-1,true,-1
storm_ridge,comet_rs,100.0,true,611,0,6,false,0,false,0
storm_ridge,comet_rs,100.0,true,611,1,12,false,0,false,0
storm_ridge,comet_rs,100.0,true,611,2,12,false,0,false,0
storm_ridge,comet_rs,100.0,true,611,3,6,true,-1,true,-1
storm_ridge,comet_rs,100.0,true,611,4,12,false,0,false,0
storm_ridge,comet_rs,100.0,true,2026,0,9,true,-1,true,-1
storm_ridge,comet_rs,100.0,true,2026,1,12,true,-1,true,-1
storm_ridge,comet_rs,100.0,true,2026,2,12,true,-1,true,-1
storm_ridge,comet_rs,100.0,true,2026,3,9,true,-1,true,-1
storm_ridge,comet_rs,100.0,true,2026,4,12,true,-1,true,-1
storm_ridge,comet_rs,100.0,true,9001,0,10,false,0,false,0
storm_ridge,comet_rs,100.0,true,9001,1,12,false,0,false,0
storm_ridge,comet_rs,100.0,true,9001,2,12,false,0,false,0
storm_ridge,comet_rs,100.0,true,9001,3,10,true,-1,true,-1
storm_ridge,comet_rs,100.0,true,9001,4,12,false,0,false,0
storm_ridge,comet_rs,30.0,false,611,0,6,true,-1,true,-1
storm_ridge,comet_rs,30.0,false,611,1,12,true,-1,true,-1
storm_ridge,comet_rs,30.0,false,611,2,12,true,-1,true,-1
storm_ridge,comet_rs,30.0,false,611,3,6,true,-1,true,-1
storm_ridge,comet_rs,30.0,false,611,4,12,true,-1,true,-1
storm_ridge,comet_rs,30.0,false,2026,0,9,true,-1,true,-1
storm_ridge,comet_rs,30.0,false,2026,1,12,true,-1,true,-1
storm_ridge,comet_rs,30.0,false,2026,2,12,true,-1,true,-1
storm_ridge,comet_rs,30.0,false,2026,3,9,true,-1,true,-1
storm_ridge,comet_rs,30.0,false,2026,4,12,true,-1,true,-1
storm_ridge,comet_rs,30.0,false,9001,0,10,true,-1,true,-1
storm_ridge,comet_rs,30.0,false,9001,1,12,true,-1,true,-1
storm_ridge,comet_rs,30.0,false,9001,2,12,true,-1,true,-1
storm_ridge,comet_rs,30.0,false,9001,3,10,true,-1,true,-1
storm_ridge,comet_rs,30.0,false,9001,4,12,true,-1,true,-1
storm_ridge,comet_rs,30.0,true,611,0,6,false,0,false,0
storm_ridge,comet_rs,30.0,true,611,1,12,false,0,false,0
storm_ridge,comet_rs,30.0,true,611,2,12,false,0,false,0
storm_ridge,comet_rs,30.0,true,611,3,6,false,0,true,-1
storm_ridge,comet_rs,30.0,true,611,4,12,false,0,false,0
storm_ridge,comet_rs,30.0,true,2026,0,9,true,-1,true,-1
storm_ridge,comet_rs,30.0,true,2026,1,12,true,-1,true,-1
storm_ridge,comet_rs,30.0,true,2026,2,12,true,-1,true,-1
storm_ridge,comet_rs,30.0,true,2026,3,9,false,0,true,-1
storm_ridge,comet_rs,30.0,true,2026,4,12,true,-1,true,-1
storm_ridge,comet_rs,30.0,true,9001,0,10,false,0,false,0
storm_ridge,comet_rs,30.0,true,9001,1,12,false,0,false,0
storm_ridge,comet_rs,30.0,true,9001,2,12,false,0,false,0
storm_ridge,comet_rs,30.0,true,9001,3,10,false,0,true,-1
storm_ridge,comet_rs,30.0,true,9001,4,12,false,0,false,0
storm_ridge,tidebreaker,100.0,false,611,0,6,true,-1,true,-1
storm_ridge,tidebreaker,100.0,false,611,1,12,true,-1,true,-1
storm_ridge,tidebreaker,100.0,false,611,2,12,true,-1,true,-1
storm_ridge,tidebreaker,100.0,false,611,3,6,true,-1,true,-1
storm_ridge,tidebreaker,100.0,false,611,4,12,true,-1,true,-1
storm_ridge,tidebreaker,100.0,false,2026,0,9,true,-1,true,-1
storm_ridge,tidebreaker,100.0,false,2026,1,12,true,-1,true,-1
storm_ridge,tidebreaker,100.0,false,2026,2,12,true,-1,true,-1
storm_ridge,tidebreaker,100.0,false,2026,3,9,true,-1,true,-1
storm_ridge,tidebreaker,100.0,false,2026,4,12,true,-1,true,-1
storm_ridge,tidebreaker,100.0,false,9001,0,10,true,-1,true,-1
storm_ridge,tidebreaker,100.0,false,9001,1,12,true,-1,true,-1
storm_ridge,tidebreaker,100.0,false,9001,2,12,true,-1,true,-1
storm_ridge,tidebreaker,100.0,false,9001,3,10,true,-1,true,-1
storm_ridge,tidebreaker,100.0,false,9001,4,12,true,-1,true,-1
storm_ridge,tidebreaker,100.0,true,611,0,6,true,-1,true,-1
storm_ridge,tidebreaker,100.0,true,611,1,12,true,-1,true,-1
storm_ridge,tidebreaker,100.0,true,611,2,12,true,-1,true,-1
storm_ridge,tidebreaker,100.0,true,611,3,6,true,-1,true,-1
storm_ridge,tidebreaker,100.0,true,611,4,12,true,-1,true,-1
storm_ridge,tidebreaker,100.0,true,2026,0,9,true,-1,true,-1
storm_ridge,tidebreaker,100.0,true,2026,1,12,true,-1,true,-1
storm_ridge,tidebreaker,100.0,true,2026,2,12,true,-1,true,-1
storm_ridge,tidebreaker,100.0,true,2026,3,9,true,-1,true,-1
storm_ridge,tidebreaker,100.0,true,2026,4,12,true,-1,true,-1
storm_ridge,tidebreaker,100.0,true,9001,0,10,true,-1,true,-1
storm_ridge,tidebreaker,100.0,true,9001,1,12,true,-1,true,-1
storm_ridge,tidebreaker,100.0,true,9001,2,12,true,-1,true,-1
storm_ridge,tidebreaker,100.0,true,9001,3,10,true,-1,true,-1
storm_ridge,tidebreaker,100.0,true,9001,4,12,true,-1,true,-1
storm_ridge,tidebreaker,30.0,false,611,0,6,true,-1,true,-1
storm_ridge,tidebreaker,30.0,false,611,1,12,true,-1,true,-1
storm_ridge,tidebreaker,30.0,false,611,2,12,true,-1,true,-1
storm_ridge,tidebreaker,30.0,false,611,3,6,true,-1,true,-1
storm_ridge,tidebreaker,30.0,false,611,4,12,true,-1,true,-1
storm_ridge,tidebreaker,30.0,false,2026,0,9,true,-1,true,-1
storm_ridge,tidebreaker,30.0,false,2026,1,12,true,-1,true,-1
storm_ridge,tidebreaker,30.0,false,2026,2,12,true,-1,true,-1
storm_ridge,tidebreaker,30.0,false,2026,3,9,true,-1,true,-1
storm_ridge,tidebreaker,30.0,false,2026,4,12,true,-1,true,-1
storm_ridge,tidebreaker,30.0,false,9001,0,10,true,-1,true,-1
storm_ridge,tidebreaker,30.0,false,9001,1,12,true,-1,true,-1
storm_ridge,tidebreaker,30.0,false,9001,2,12,true,-1,true,-1
storm_ridge,tidebreaker,30.0,false,9001,3,10,true,-1,true,-1
storm_ridge,tidebreaker,30.0,false,9001,4,12,true,-1,true,-1
storm_ridge,tidebreaker,30.0,true,611,0,6,true,-1,true,-1
storm_ridge,tidebreaker,30.0,true,611,1,12,true,-1,true,-1
storm_ridge,tidebreaker,30.0,true,611,2,12,true,-1,true,-1
storm_ridge,tidebreaker,30.0,true,611,3,6,true,-1,true,-1
storm_ridge,tidebreaker,30.0,true,611,4,12,true,-1,true,-1
storm_ridge,tidebreaker,30.0,true,2026,0,9,true,-1,true,-1
storm_ridge,tidebreaker,30.0,true,2026,1,12,true,-1,true,-1
storm_ridge,tidebreaker,30.0,true,2026,2,12,true,-1,true,-1
storm_ridge,tidebreaker,30.0,true,2026,3,9,true,-1,true,-1
storm_ridge,tidebreaker,30.0,true,2026,4,12,true,-1,true,-1
storm_ridge,tidebreaker,30.0,true,9001,0,10,true,-1,true,-1
storm_ridge,tidebreaker,30.0,true,9001,1,12,true,-1,true,-1
storm_ridge,tidebreaker,30.0,true,9001,2,12,true,-1,true,-1
storm_ridge,tidebreaker,30.0,true,9001,3,10,true,-1,true,-1
storm_ridge,tidebreaker,30.0,true,9001,4,12,true,-1,true,-1
storm_ridge,aurora_x,100.0,false,611,0,6,true,-1,true,-1
storm_ridge,aurora_x,100.0,false,611,1,12,true,-1,true,-1
storm_ridge,aurora_x,100.0,false,611,2,12,true,-1,true,-1
storm_ridge,aurora_x,100.0,false,611,3,6,true,-1,true,-1
storm_ridge,aurora_x,100.0,false,611,4,12,true,-1,true,-1
storm_ridge,aurora_x,100.0,false,2026,0,9,true,-1,true,-1
storm_ridge,aurora_x,100.0,false,2026,1,12,true,-1,true,-1
storm_ridge,aurora_x,100.0,false,2026,2,12,true,-1,true,-1
storm_ridge,aurora_x,100.0,false,2026,3,9,true,-1,true,-1
storm_ridge,aurora_x,100.0,false,2026,4,12,true,-1,true,-1
storm_ridge,aurora_x,100.0,false,9001,0,10,true,-1,true,-1
storm_ridge,aurora_x,100.0,false,9001,1,12,true,-1,true,-1
storm_ridge,aurora_x,100.0,false,9001,2,12,true,-1,true,-1
storm_ridge,aurora_x,100.0,false,9001,3,10,true,-1,true,-1
storm_ridge,aurora_x,100.0,false,9001,4,12,true,-1,true,-1
storm_ridge,aurora_x,100.0,true,611,0,6,false,0,true,-1
storm_ridge,aurora_x,100.0,true,611,1,12,false,0,true,-1
storm_ridge,aurora_x,100.0,true,611,2,12,false,0,true,-1
storm_ridge,aurora_x,100.0,true,611,3,6,true,-1,true,-1
storm_ridge,aurora_x,100.0,true,611,4,12,false,0,true,-1
storm_ridge,aurora_x,100.0,true,2026,0,9,true,-1,true,-1
storm_ridge,aurora_x,100.0,true,2026,1,12,true,-1,true,-1
storm_ridge,aurora_x,100.0,true,2026,2,12,true,-1,true,-1
storm_ridge,aurora_x,100.0,true,2026,3,9,true,-1,true,-1
storm_ridge,aurora_x,100.0,true,2026,4,12,true,-1,true,-1
storm_ridge,aurora_x,100.0,true,9001,0,10,false,0,true,-1
storm_ridge,aurora_x,100.0,true,9001,1,12,false,0,true,-1
storm_ridge,aurora_x,100.0,true,9001,2,12,false,0,true,-1
storm_ridge,aurora_x,100.0,true,9001,3,10,true,-1,true,-1
storm_ridge,aurora_x,100.0,true,9001,4,12,false,0,true,-1
storm_ridge,aurora_x,30.0,false,611,0,6,true,-1,true,-1
storm_ridge,aurora_x,30.0,false,611,1,12,true,-1,true,-1
storm_ridge,aurora_x,30.0,false,611,2,12,true,-1,true,-1
storm_ridge,aurora_x,30.0,false,611,3,6,true,-1,true,-1
storm_ridge,aurora_x,30.0,false,611,4,12,true,-1,true,-1
storm_ridge,aurora_x,30.0,false,2026,0,9,true,-1,true,-1
storm_ridge,aurora_x,30.0,false,2026,1,12,true,-1,true,-1
storm_ridge,aurora_x,30.0,false,2026,2,12,true,-1,true,-1
storm_ridge,aurora_x,30.0,false,2026,3,9,true,-1,true,-1
storm_ridge,aurora_x,30.0,false,2026,4,12,true,-1,true,-1
storm_ridge,aurora_x,30.0,false,9001,0,10,true,-1,true,-1
storm_ridge,aurora_x,30.0,false,9001,1,12,true,-1,true,-1
storm_ridge,aurora_x,30.0,false,9001,2,12,true,-1,true,-1
storm_ridge,aurora_x,30.0,false,9001,3,10,true,-1,true,-1
storm_ridge,aurora_x,30.0,false,9001,4,12,true,-1,true,-1
storm_ridge,aurora_x,30.0,true,611,0,6,false,0,false,0
storm_ridge,aurora_x,30.0,true,611,1,12,false,0,false,0
storm_ridge,aurora_x,30.0,true,611,2,12,false,0,false,0
storm_ridge,aurora_x,30.0,true,611,3,6,false,0,true,-1
storm_ridge,aurora_x,30.0,true,611,4,12,false,0,false,0
storm_ridge,aurora_x,30.0,true,2026,0,9,true,-1,true,-1
storm_ridge,aurora_x,30.0,true,2026,1,12,true,-1,true,-1
storm_ridge,aurora_x,30.0,true,2026,2,12,true,-1,true,-1
storm_ridge,aurora_x,30.0,true,2026,3,9,false,0,true,-1
storm_ridge,aurora_x,30.0,true,2026,4,12,true,-1,true,-1
storm_ridge,aurora_x,30.0,true,9001,0,10,false,0,false,0
storm_ridge,aurora_x,30.0,true,9001,1,12,false,0,false,0
storm_ridge,aurora_x,30.0,true,9001,2,12,false,0,false,0
storm_ridge,aurora_x,30.0,true,9001,3,10,false,0,true,-1
storm_ridge,aurora_x,30.0,true,9001,4,12,false,0,false,0
sunrise_express,pulse_gt,100.0,false,611,0,6,true,-1,true,-1
sunrise_express,pulse_gt,100.0,false,611,1,12,true,-1,true,-1
sunrise_express,pulse_gt,100.0,false,611,2,12,true,-1,true,-1
sunrise_express,pulse_gt,100.0,false,611,3,6,true,-1,true,-1
sunrise_express,pulse_gt,100.0,false,611,4,12,true,-1,true,-1
sunrise_express,pulse_gt,100.0,false,2026,0,9,true,-1,true,-1
sunrise_express,pulse_gt,100.0,false,2026,1,12,true,-1,true,-1
sunrise_express,pulse_gt,100.0,false,2026,2,12,true,-1,true,-1
sunrise_express,pulse_gt,100.0,false,2026,3,9,true,-1,true,-1
sunrise_express,pulse_gt,100.0,false,2026,4,12,true,-1,true,-1
sunrise_express,pulse_gt,100.0,false,9001,0,10,true,-1,true,-1
sunrise_express,pulse_gt,100.0,false,9001,1,12,true,-1,true,-1
sunrise_express,pulse_gt,100.0,false,9001,2,12,true,-1,true,-1
sunrise_express,pulse_gt,100.0,false,9001,3,10,true,-1,true,-1
sunrise_express,pulse_gt,100.0,false,9001,4,12,true,-1,true,-1
sunrise_express,pulse_gt,100.0,true,611,0,6,true,-1,true,-1
sunrise_express,pulse_gt,100.0,true,611,1,12,true,-1,true,-1
sunrise_express,pulse_gt,100.0,true,611,2,12,true,-1,true,-1
sunrise_express,pulse_gt,100.0,true,611,3,6,true,-1,true,-1
sunrise_express,pulse_gt,100.0,true,611,4,12,true,-1,true,-1
sunrise_express,pulse_gt,100.0,true,2026,0,9,true,-1,true,-1
sunrise_express,pulse_gt,100.0,true,2026,1,12,true,-1,true,-1
sunrise_express,pulse_gt,100.0,true,2026,2,12,true,-1,true,-1
sunrise_express,pulse_gt,100.0,true,2026,3,9,true,-1,true,-1
sunrise_express,pulse_gt,100.0,true,2026,4,12,true,-1,true,-1
sunrise_express,pulse_gt,100.0,true,9001,0,10,true,-1,true,-1
sunrise_express,pulse_gt,100.0,true,9001,1,12,true,-1,true,-1
sunrise_express,pulse_gt,100.0,true,9001,2,12,true,-1,true,-1
sunrise_express,pulse_gt,100.0,true,9001,3,10,true,-1,true,-1
sunrise_express,pulse_gt,100.0,true,9001,4,12,true,-1,true,-1
sunrise_express,pulse_gt,30.0,false,611,0,6,true,-1,true,-1
sunrise_express,pulse_gt,30.0,false,611,1,12,true,-1,true,-1
sunrise_express,pulse_gt,30.0,false,611,2,12,true,-1,true,-1
sunrise_express,pulse_gt,30.0,false,611,3,6,true,-1,true,-1
sunrise_express,pulse_gt,30.0,false,611,4,12,true,-1,true,-1
sunrise_express,pulse_gt,30.0,false,2026,0,9,true,-1,true,-1
sunrise_express,pulse_gt,30.0,false,2026,1,12,true,-1,true,-1
sunrise_express,pulse_gt,30.0,false,2026,2,12,true,-1,true,-1
sunrise_express,pulse_gt,30.0,false,2026,3,9,true,-1,true,-1
sunrise_express,pulse_gt,30.0,false,2026,4,12,true,-1,true,-1
sunrise_express,pulse_gt,30.0,false,9001,0,10,true,-1,true,-1
sunrise_express,pulse_gt,30.0,false,9001,1,12,true,-1,true,-1
sunrise_express,pulse_gt,30.0,false,9001,2,12,true,-1,true,-1
sunrise_express,pulse_gt,30.0,false,9001,3,10,true,-1,true,-1
sunrise_express,pulse_gt,30.0,false,9001,4,12,true,-1,true,-1
sunrise_express,pulse_gt,30.0,true,611,0,6,true,-1,true,-1
sunrise_express,pulse_gt,30.0,true,611,1,12,true,-1,true,-1
sunrise_express,pulse_gt,30.0,true,611,2,12,true,-1,true,-1
sunrise_express,pulse_gt,30.0,true,611,3,6,true,-1,true,-1
sunrise_express,pulse_gt,30.0,true,611,4,12,true,-1,true,-1
sunrise_express,pulse_gt,30.0,true,2026,0,9,true,-1,true,-1
sunrise_express,pulse_gt,30.0,true,2026,1,12,true,-1,true,-1
sunrise_express,pulse_gt,30.0,true,2026,2,12,true,-1,true,-1
sunrise_express,pulse_gt,30.0,true,2026,3,9,true,-1,true,-1
sunrise_express,pulse_gt,30.0,true,2026,4,12,true,-1,true,-1
sunrise_express,pulse_gt,30.0,true,9001,0,10,true,-1,true,-1
sunrise_express,pulse_gt,30.0,true,9001,1,12,true,-1,true,-1
sunrise_express,pulse_gt,30.0,true,9001,2,12,true,-1,true,-1
sunrise_express,pulse_gt,30.0,true,9001,3,10,true,-1,true,-1
sunrise_express,pulse_gt,30.0,true,9001,4,12,true,-1,true,-1
sunrise_express,driftwing,100.0,false,611,0,6,true,-1,true,-1
sunrise_express,driftwing,100.0,false,611,1,12,true,-1,true,-1
sunrise_express,driftwing,100.0,false,611,2,12,true,-1,true,-1
sunrise_express,driftwing,100.0,false,611,3,6,true,-1,true,-1
sunrise_express,driftwing,100.0,false,611,4,12,true,-1,true,-1
sunrise_express,driftwing,100.0,false,2026,0,9,true,-1,true,-1
sunrise_express,driftwing,100.0,false,2026,1,12,true,-1,true,-1
sunrise_express,driftwing,100.0,false,2026,2,12,true,-1,true,-1
sunrise_express,driftwing,100.0,false,2026,3,9,true,-1,true,-1
sunrise_express,driftwing,100.0,false,2026,4,12,true,-1,true,-1
sunrise_express,driftwing,100.0,false,9001,0,10,true,-1,true,-1
sunrise_express,driftwing,100.0,false,9001,1,12,true,-1,true,-1
sunrise_express,driftwing,100.0,false,9001,2,12,true,-1,true,-1
sunrise_express,driftwing,100.0,false,9001,3,10,true,-1,true,-1
sunrise_express,driftwing,100.0,false,9001,4,12,true,-1,true,-1
sunrise_express,driftwing,100.0,true,611,0,6,true,-1,true,-1
sunrise_express,driftwing,100.0,true,611,1,12,true,-1,true,-1
sunrise_express,driftwing,100.0,true,611,2,12,true,-1,true,-1
sunrise_express,driftwing,100.0,true,611,3,6,true,-1,true,-1
sunrise_express,driftwing,100.0,true,611,4,12,true,-1,true,-1
sunrise_express,driftwing,100.0,true,2026,0,9,true,-1,true,-1
sunrise_express,driftwing,100.0,true,2026,1,12,true,-1,true,-1
sunrise_express,driftwing,100.0,true,2026,2,12,true,-1,true,-1
sunrise_express,driftwing,100.0,true,2026,3,9,true,-1,true,-1
sunrise_express,driftwing,100.0,true,2026,4,12,true,-1,true,-1
sunrise_express,driftwing,100.0,true,9001,0,10,true,-1,true,-1
sunrise_express,driftwing,100.0,true,9001,1,12,true,-1,true,-1
sunrise_express,driftwing,100.0,true,9001,2,12,true,-1,true,-1
sunrise_express,driftwing,100.0,true,9001,3,10,true,-1,true,-1
sunrise_express,driftwing,100.0,true,9001,4,12,true,-1,true,-1
sunrise_express,driftwing,30.0,false,611,0,6,true,-1,true,-1
sunrise_express,driftwing,30.0,false,611,1,12,true,-1,true,-1
sunrise_express,driftwing,30.0,false,611,2,12,true,-1,true,-1
sunrise_express,driftwing,30.0,false,611,3,6,true,-1,true,-1
sunrise_express,driftwing,30.0,false,611,4,12,true,-1,true,-1
sunrise_express,driftwing,30.0,false,2026,0,9,true,-1,true,-1
sunrise_express,driftwing,30.0,false,2026,1,12,true,-1,true,-1
sunrise_express,driftwing,30.0,false,2026,2,12,true,-1,true,-1
sunrise_express,driftwing,30.0,false,2026,3,9,true,-1,true,-1
sunrise_express,driftwing,30.0,false,2026,4,12,true,-1,true,-1
sunrise_express,driftwing,30.0,false,9001,0,10,true,-1,true,-1
sunrise_express,driftwing,30.0,false,9001,1,12,true,-1,true,-1
sunrise_express,driftwing,30.0,false,9001,2,12,true,-1,true,-1
sunrise_express,driftwing,30.0,false,9001,3,10,true,-1,true,-1
sunrise_express,driftwing,30.0,false,9001,4,12,true,-1,true,-1
sunrise_express,driftwing,30.0,true,611,0,6,true,-1,true,-1
sunrise_express,driftwing,30.0,true,611,1,12,true,-1,true,-1
sunrise_express,driftwing,30.0,true,611,2,12,true,-1,true,-1
sunrise_express,driftwing,30.0,true,611,3,6,true,-1,true,-1
sunrise_express,driftwing,30.0,true,611,4,12,true,-1,true,-1
sunrise_express,driftwing,30.0,true,2026,0,9,true,-1,true,-1
sunrise_express,driftwing,30.0,true,2026,1,12,true,-1,true,-1
sunrise_express,driftwing,30.0,true,2026,2,12,true,-1,true,-1
sunrise_express,driftwing,30.0,true,2026,3,9,true,-1,true,-1
sunrise_express,driftwing,30.0,true,2026,4,12,true,-1,true,-1
sunrise_express,driftwing,30.0,true,9001,0,10,true,-1,true,-1
sunrise_express,driftwing,30.0,true,9001,1,12,true,-1,true,-1
sunrise_express,driftwing,30.0,true,9001,2,12,true,-1,true,-1
sunrise_express,driftwing,30.0,true,9001,3,10,true,-1,true,-1
sunrise_express,driftwing,30.0,true,9001,4,12,true,-1,true,-1
sunrise_express,flashpoint,100.0,false,611,0,6,true,-1,true,-1
sunrise_express,flashpoint,100.0,false,611,1,12,true,-1,true,-1
sunrise_express,flashpoint,100.0,false,611,2,12,true,-1,true,-1
sunrise_express,flashpoint,100.0,false,611,3,6,true,-1,true,-1
sunrise_express,flashpoint,100.0,false,611,4,12,true,-1,true,-1
sunrise_express,flashpoint,100.0,false,2026,0,9,true,-1,true,-1
sunrise_express,flashpoint,100.0,false,2026,1,12,true,-1,true,-1
sunrise_express,flashpoint,100.0,false,2026,2,12,true,-1,true,-1
sunrise_express,flashpoint,100.0,false,2026,3,9,true,-1,true,-1
sunrise_express,flashpoint,100.0,false,2026,4,12,true,-1,true,-1
sunrise_express,flashpoint,100.0,false,9001,0,10,true,-1,true,-1
sunrise_express,flashpoint,100.0,false,9001,1,12,true,-1,true,-1
sunrise_express,flashpoint,100.0,false,9001,2,12,true,-1,true,-1
sunrise_express,flashpoint,100.0,false,9001,3,10,true,-1,true,-1
sunrise_express,flashpoint,100.0,false,9001,4,12,true,-1,true,-1
sunrise_express,flashpoint,100.0,true,611,0,6,true,-1,true,-1
sunrise_express,flashpoint,100.0,true,611,1,12,true,-1,true,-1
sunrise_express,flashpoint,100.0,true,611,2,12,true,-1,true,-1
sunrise_express,flashpoint,100.0,true,611,3,6,true,-1,true,-1
sunrise_express,flashpoint,100.0,true,611,4,12,true,-1,true,-1
sunrise_express,flashpoint,100.0,true,2026,0,9,true,-1,true,-1
sunrise_express,flashpoint,100.0,true,2026,1,12,true,-1,true,-1
sunrise_express,flashpoint,100.0,true,2026,2,12,true,-1,true,-1
sunrise_express,flashpoint,100.0,true,2026,3,9,true,-1,true,-1
sunrise_express,flashpoint,100.0,true,2026,4,12,true,-1,true,-1
sunrise_express,flashpoint,100.0,true,9001,0,10,true,-1,true,-1
sunrise_express,flashpoint,100.0,true,9001,1,12,true,-1,true,-1
sunrise_express,flashpoint,100.0,true,9001,2,12,true,-1,true,-1
sunrise_express,flashpoint,100.0,true,9001,3,10,true,-1,true,-1
sunrise_express,flashpoint,100.0,true,9001,4,12,true,-1,true,-1
sunrise_express,flashpoint,30.0,false,611,0,6,true,-1,true,-1
sunrise_express,flashpoint,30.0,false,611,1,12,true,-1,true,-1
sunrise_express,flashpoint,30.0,false,611,2,12,true,-1,true,-1
sunrise_express,flashpoint,30.0,false,611,3,6,true,-1,true,-1
sunrise_express,flashpoint,30.0,false,611,4,12,true,-1,true,-1
sunrise_express,flashpoint,30.0,false,2026,0,9,true,-1,true,-1
sunrise_express,flashpoint,30.0,false,2026,1,12,true,-1,true,-1
sunrise_express,flashpoint,30.0,false,2026,2,12,true,-1,true,-1
sunrise_express,flashpoint,30.0,false,2026,3,9,true,-1,true,-1
sunrise_express,flashpoint,30.0,false,2026,4,12,true,-1,true,-1
sunrise_express,flashpoint,30.0,false,9001,0,10,true,-1,true,-1
sunrise_express,flashpoint,30.0,false,9001,1,12,true,-1,true,-1
sunrise_express,flashpoint,30.0,false,9001,2,12,true,-1,true,-1
sunrise_express,flashpoint,30.0,false,9001,3,10,true,-1,true,-1
sunrise_express,flashpoint,30.0,false,9001,4,12,true,-1,true,-1
sunrise_express,flashpoint,30.0,true,611,0,6,true,-1,true,-1
sunrise_express,flashpoint,30.0,true,611,1,12,true,-1,true,-1
sunrise_express,flashpoint,30.0,true,611,2,12,true,-1,true,-1
sunrise_express,flashpoint,30.0,true,611,3,6,true,-1,true,-1
sunrise_express,flashpoint,30.0,true,611,4,12,true,-1,true,-1
sunrise_express,flashpoint,30.0,true,2026,0,9,true,-1,true,-1
sunrise_express,flashpoint,30.0,true,2026,1,12,true,-1,true,-1
sunrise_express,flashpoint,30.0,true,2026,2,12,true,-1,true,-1
sunrise_express,flashpoint,30.0,true,2026,3,9,true,-1,true,-1
sunrise_express,flashpoint,30.0,true,2026,4,12,true,-1,true,-1
sunrise_express,flashpoint,30.0,true,9001,0,10,true,-1,true,-1
sunrise_express,flashpoint,30.0,true,9001,1,12,true,-1,true,-1
sunrise_express,flashpoint,30.0,true,9001,2,12,true,-1,true,-1
sunrise_express,flashpoint,30.0,true,9001,3,10,true,-1,true,-1
sunrise_express,flashpoint,30.0,true,9001,4,12,true,-1,true,-1
sunrise_express,comet_rs,100.0,false,611,0,6,true,-1,true,-1
sunrise_express,comet_rs,100.0,false,611,1,12,true,-1,true,-1
sunrise_express,comet_rs,100.0,false,611,2,12,true,-1,true,-1
sunrise_express,comet_rs,100.0,false,611,3,6,true,-1,true,-1
sunrise_express,comet_rs,100.0,false,611,4,12,true,-1,true,-1
sunrise_express,comet_rs,100.0,false,2026,0,9,true,-1,true,-1
sunrise_express,comet_rs,100.0,false,2026,1,12,true,-1,true,-1
sunrise_express,comet_rs,100.0,false,2026,2,12,true,-1,true,-1
sunrise_express,comet_rs,100.0,false,2026,3,9,true,-1,true,-1
sunrise_express,comet_rs,100.0,false,2026,4,12,true,-1,true,-1
sunrise_express,comet_rs,100.0,false,9001,0,10,true,-1,true,-1
sunrise_express,comet_rs,100.0,false,9001,1,12,true,-1,true,-1
sunrise_express,comet_rs,100.0,false,9001,2,12,true,-1,true,-1
sunrise_express,comet_rs,100.0,false,9001,3,10,true,-1,true,-1
sunrise_express,comet_rs,100.0,false,9001,4,12,true,-1,true,-1
sunrise_express,comet_rs,100.0,true,611,0,6,true,-1,true,-1
sunrise_express,comet_rs,100.0,true,611,1,12,true,-1,true,-1
sunrise_express,comet_rs,100.0,true,611,2,12,true,-1,true,-1
sunrise_express,comet_rs,100.0,true,611,3,6,true,-1,true,-1
sunrise_express,comet_rs,100.0,true,611,4,12,true,-1,true,-1
sunrise_express,comet_rs,100.0,true,2026,0,9,true,-1,true,-1
sunrise_express,comet_rs,100.0,true,2026,1,12,true,-1,true,-1
sunrise_express,comet_rs,100.0,true,2026,2,12,true,-1,true,-1
sunrise_express,comet_rs,100.0,true,2026,3,9,true,-1,true,-1
sunrise_express,comet_rs,100.0,true,2026,4,12,true,-1,true,-1
sunrise_express,comet_rs,100.0,true,9001,0,10,true,-1,true,-1
sunrise_express,comet_rs,100.0,true,9001,1,12,true,-1,true,-1
sunrise_express,comet_rs,100.0,true,9001,2,12,true,-1,true,-1
sunrise_express,comet_rs,100.0,true,9001,3,10,true,-1,true,-1
sunrise_express,comet_rs,100.0,true,9001,4,12,true,-1,true,-1
sunrise_express,comet_rs,30.0,false,611,0,6,true,-1,true,-1
sunrise_express,comet_rs,30.0,false,611,1,12,true,-1,true,-1
sunrise_express,comet_rs,30.0,false,611,2,12,true,-1,true,-1
sunrise_express,comet_rs,30.0,false,611,3,6,true,-1,true,-1
sunrise_express,comet_rs,30.0,false,611,4,12,true,-1,true,-1
sunrise_express,comet_rs,30.0,false,2026,0,9,true,-1,true,-1
sunrise_express,comet_rs,30.0,false,2026,1,12,true,-1,true,-1
sunrise_express,comet_rs,30.0,false,2026,2,12,true,-1,true,-1
sunrise_express,comet_rs,30.0,false,2026,3,9,true,-1,true,-1
sunrise_express,comet_rs,30.0,false,2026,4,12,true,-1,true,-1
sunrise_express,comet_rs,30.0,false,9001,0,10,true,-1,true,-1
sunrise_express,comet_rs,30.0,false,9001,1,12,true,-1,true,-1
sunrise_express,comet_rs,30.0,false,9001,2,12,true,-1,true,-1
sunrise_express,comet_rs,30.0,false,9001,3,10,true,-1,true,-1
sunrise_express,comet_rs,30.0,false,9001,4,12,true,-1,true,-1
sunrise_express,comet_rs,30.0,true,611,0,6,false,0,false,0
sunrise_express,comet_rs,30.0,true,611,1,12,false,0,false,0
sunrise_express,comet_rs,30.0,true,611,2,12,false,0,false,0
sunrise_express,comet_rs,30.0,true,611,3,6,true,-1,true,-1
sunrise_express,comet_rs,30.0,true,611,4,12,false,0,false,0
sunrise_express,comet_rs,30.0,true,2026,0,9,true,-1,true,-1
sunrise_express,comet_rs,30.0,true,2026,1,12,true,-1,true,-1
sunrise_express,comet_rs,30.0,true,2026,2,12,true,-1,true,-1
sunrise_express,comet_rs,30.0,true,2026,3,9,true,-1,true,-1
sunrise_express,comet_rs,30.0,true,2026,4,12,true,-1,true,-1
sunrise_express,comet_rs,30.0,true,9001,0,10,false,0,false,0
sunrise_express,comet_rs,30.0,true,9001,1,12,false,0,false,0
sunrise_express,comet_rs,30.0,true,9001,2,12,false,0,false,0
sunrise_express,comet_rs,30.0,true,9001,3,10,true,-1,true,-1
sunrise_express,comet_rs,30.0,true,9001,4,12,false,0,false,0
sunrise_express,tidebreaker,100.0,false,611,0,6,true,-1,true,-1
sunrise_express,tidebreaker,100.0,false,611,1,12,true,-1,true,-1
sunrise_express,tidebreaker,100.0,false,611,2,12,true,-1,true,-1
sunrise_express,tidebreaker,100.0,false,611,3,6,true,-1,true,-1
sunrise_express,tidebreaker,100.0,false,611,4,12,true,-1,true,-1
sunrise_express,tidebreaker,100.0,false,2026,0,9,true,-1,true,-1
sunrise_express,tidebreaker,100.0,false,2026,1,12,true,-1,true,-1
sunrise_express,tidebreaker,100.0,false,2026,2,12,true,-1,true,-1
sunrise_express,tidebreaker,100.0,false,2026,3,9,true,-1,true,-1
sunrise_express,tidebreaker,100.0,false,2026,4,12,true,-1,true,-1
sunrise_express,tidebreaker,100.0,false,9001,0,10,true,-1,true,-1
sunrise_express,tidebreaker,100.0,false,9001,1,12,true,-1,true,-1
sunrise_express,tidebreaker,100.0,false,9001,2,12,true,-1,true,-1
sunrise_express,tidebreaker,100.0,false,9001,3,10,true,-1,true,-1
sunrise_express,tidebreaker,100.0,false,9001,4,12,true,-1,true,-1
sunrise_express,tidebreaker,100.0,true,611,0,6,true,-1,true,-1
sunrise_express,tidebreaker,100.0,true,611,1,12,true,-1,true,-1
sunrise_express,tidebreaker,100.0,true,611,2,12,true,-1,true,-1
sunrise_express,tidebreaker,100.0,true,611,3,6,true,-1,true,-1
sunrise_express,tidebreaker,100.0,true,611,4,12,true,-1,true,-1
sunrise_express,tidebreaker,100.0,true,2026,0,9,true,-1,true,-1
sunrise_express,tidebreaker,100.0,true,2026,1,12,true,-1,true,-1
sunrise_express,tidebreaker,100.0,true,2026,2,12,true,-1,true,-1
sunrise_express,tidebreaker,100.0,true,2026,3,9,true,-1,true,-1
sunrise_express,tidebreaker,100.0,true,2026,4,12,true,-1,true,-1
sunrise_express,tidebreaker,100.0,true,9001,0,10,true,-1,true,-1
sunrise_express,tidebreaker,100.0,true,9001,1,12,true,-1,true,-1
sunrise_express,tidebreaker,100.0,true,9001,2,12,true,-1,true,-1
sunrise_express,tidebreaker,100.0,true,9001,3,10,true,-1,true,-1
sunrise_express,tidebreaker,100.0,true,9001,4,12,true,-1,true,-1
sunrise_express,tidebreaker,30.0,false,611,0,6,true,-1,true,-1
sunrise_express,tidebreaker,30.0,false,611,1,12,true,-1,true,-1
sunrise_express,tidebreaker,30.0,false,611,2,12,true,-1,true,-1
sunrise_express,tidebreaker,30.0,false,611,3,6,true,-1,true,-1
sunrise_express,tidebreaker,30.0,false,611,4,12,true,-1,true,-1
sunrise_express,tidebreaker,30.0,false,2026,0,9,true,-1,true,-1
sunrise_express,tidebreaker,30.0,false,2026,1,12,true,-1,true,-1
sunrise_express,tidebreaker,30.0,false,2026,2,12,true,-1,true,-1
sunrise_express,tidebreaker,30.0,false,2026,3,9,true,-1,true,-1
sunrise_express,tidebreaker,30.0,false,2026,4,12,true,-1,true,-1
sunrise_express,tidebreaker,30.0,false,9001,0,10,true,-1,true,-1
sunrise_express,tidebreaker,30.0,false,9001,1,12,true,-1,true,-1
sunrise_express,tidebreaker,30.0,false,9001,2,12,true,-1,true,-1
sunrise_express,tidebreaker,30.0,false,9001,3,10,true,-1,true,-1
sunrise_express,tidebreaker,30.0,false,9001,4,12,true,-1,true,-1
sunrise_express,tidebreaker,30.0,true,611,0,6,true,-1,true,-1
sunrise_express,tidebreaker,30.0,true,611,1,12,true,-1,true,-1
sunrise_express,tidebreaker,30.0,true,611,2,12,true,-1,true,-1
sunrise_express,tidebreaker,30.0,true,611,3,6,true,-1,true,-1
sunrise_express,tidebreaker,30.0,true,611,4,12,true,-1,true,-1
sunrise_express,tidebreaker,30.0,true,2026,0,9,true,-1,true,-1
sunrise_express,tidebreaker,30.0,true,2026,1,12,true,-1,true,-1
sunrise_express,tidebreaker,30.0,true,2026,2,12,true,-1,true,-1
sunrise_express,tidebreaker,30.0,true,2026,3,9,true,-1,true,-1
sunrise_express,tidebreaker,30.0,true,2026,4,12,true,-1,true,-1
sunrise_express,tidebreaker,30.0,true,9001,0,10,true,-1,true,-1
sunrise_express,tidebreaker,30.0,true,9001,1,12,true,-1,true,-1
sunrise_express,tidebreaker,30.0,true,9001,2,12,true,-1,true,-1
sunrise_express,tidebreaker,30.0,true,9001,3,10,true,-1,true,-1
sunrise_express,tidebreaker,30.0,true,9001,4,12,true,-1,true,-1
sunrise_express,aurora_x,100.0,false,611,0,6,true,-1,true,-1
sunrise_express,aurora_x,100.0,false,611,1,12,true,-1,true,-1
sunrise_express,aurora_x,100.0,false,611,2,12,true,-1,true,-1
sunrise_express,aurora_x,100.0,false,611,3,6,true,-1,true,-1
sunrise_express,aurora_x,100.0,false,611,4,12,true,-1,true,-1
sunrise_express,aurora_x,100.0,false,2026,0,9,true,-1,true,-1
sunrise_express,aurora_x,100.0,false,2026,1,12,true,-1,true,-1
sunrise_express,aurora_x,100.0,false,2026,2,12,true,-1,true,-1
sunrise_express,aurora_x,100.0,false,2026,3,9,true,-1,true,-1
sunrise_express,aurora_x,100.0,false,2026,4,12,true,-1,true,-1
sunrise_express,aurora_x,100.0,false,9001,0,10,true,-1,true,-1
sunrise_express,aurora_x,100.0,false,9001,1,12,true,-1,true,-1
sunrise_express,aurora_x,100.0,false,9001,2,12,true,-1,true,-1
sunrise_express,aurora_x,100.0,false,9001,3,10,true,-1,true,-1
sunrise_express,aurora_x,100.0,false,9001,4,12,true,-1,true,-1
sunrise_express,aurora_x,100.0,true,611,0,6,true,-1,true,-1
sunrise_express,aurora_x,100.0,true,611,1,12,true,-1,true,-1
sunrise_express,aurora_x,100.0,true,611,2,12,true,-1,true,-1
sunrise_express,aurora_x,100.0,true,611,3,6,true,-1,true,-1
sunrise_express,aurora_x,100.0,true,611,4,12,true,-1,true,-1
sunrise_express,aurora_x,100.0,true,2026,0,9,true,-1,true,-1
sunrise_express,aurora_x,100.0,true,2026,1,12,true,-1,true,-1
sunrise_express,aurora_x,100.0,true,2026,2,12,true,-1,true,-1
sunrise_express,aurora_x,100.0,true,2026,3,9,true,-1,true,-1
sunrise_express,aurora_x,100.0,true,2026,4,12,true,-1,true,-1
sunrise_express,aurora_x,100.0,true,9001,0,10,true,-1,true,-1
sunrise_express,aurora_x,100.0,true,9001,1,12,true,-1,true,-1
sunrise_express,aurora_x,100.0,true,9001,2,12,true,-1,true,-1
sunrise_express,aurora_x,100.0,true,9001,3,10,true,-1,true,-1
sunrise_express,aurora_x,100.0,true,9001,4,12,true,-1,true,-1
sunrise_express,aurora_x,30.0,false,611,0,6,true,-1,true,-1
sunrise_express,aurora_x,30.0,false,611,1,12,true,-1,true,-1
sunrise_express,aurora_x,30.0,false,611,2,12,true,-1,true,-1
sunrise_express,aurora_x,30.0,false,611,3,6,true,-1,true,-1
sunrise_express,aurora_x,30.0,false,611,4,12,true,-1,true,-1
sunrise_express,aurora_x,30.0,false,2026,0,9,true,-1,true,-1
sunrise_express,aurora_x,30.0,false,2026,1,12,true,-1,true,-1
sunrise_express,aurora_x,30.0,false,2026,2,12,true,-1,true,-1
sunrise_express,aurora_x,30.0,false,2026,3,9,true,-1,true,-1
sunrise_express,aurora_x,30.0,false,2026,4,12,true,-1,true,-1
sunrise_express,aurora_x,30.0,false,9001,0,10,true,-1,true,-1
sunrise_express,aurora_x,30.0,false,9001,1,12,true,-1,true,-1
sunrise_express,aurora_x,30.0,false,9001,2,12,true,-1,true,-1
sunrise_express,aurora_x,30.0,false,9001,3,10,true,-1,true,-1
sunrise_express,aurora_x,30.0,false,9001,4,12,true,-1,true,-1
sunrise_express,aurora_x,30.0,true,611,0,6,false,0,true,-1
sunrise_express,aurora_x,30.0,true,611,1,12,false,0,true,-1
sunrise_express,aurora_x,30.0,true,611,2,12,false,0,true,-1
sunrise_express,aurora_x,30.0,true,611,3,6,true,-1,true,-1
sunrise_express,aurora_x,30.0,true,611,4,12,false,0,true,-1
sunrise_express,aurora_x,30.0,true,2026,0,9,true,-1,true,-1
sunrise_express,aurora_x,30.0,true,2026,1,12,true,-1,true,-1
sunrise_express,aurora_x,30.0,true,2026,2,12,true,-1,true,-1
sunrise_express,aurora_x,30.0,true,2026,3,9,true,-1,true,-1
sunrise_express,aurora_x,30.0,true,2026,4,12,true,-1,true,-1
sunrise_express,aurora_x,30.0,true,9001,0,10,false,0,true,-1
sunrise_express,aurora_x,30.0,true,9001,1,12,false,0,true,-1
sunrise_express,aurora_x,30.0,true,9001,2,12,false,0,true,-1
sunrise_express,aurora_x,30.0,true,9001,3,10,true,-1,true,-1
sunrise_express,aurora_x,30.0,true,9001,4,12,false,0,true,-1
