track,car,difficulty,hull_scenario,assumed_fuel_every_s,result,seconds,distance_m,fuel_left,hull_final
neon_coast,pulse_gt,0,healthy,0,clear,42.800,3200.84,86.496,100.0
neon_coast,pulse_gt,0,healthy,16,clear,42.800,3200.84,88.540,100.0
neon_coast,pulse_gt,0,hull30,0,clear,54.367,3200.88,85.665,30.0
neon_coast,pulse_gt,0,hull30,16,clear,54.367,3200.88,94.364,30.0
neon_coast,pulse_gt,0,hull30_repair_at20s,0,clear,51.533,3200.08,85.957,50.0
neon_coast,pulse_gt,0,hull30_repair_at20s,16,clear,51.533,3200.08,96.674,50.0
neon_coast,pulse_gt,1,healthy,0,clear,42.800,3200.84,61.744,100.0
neon_coast,pulse_gt,1,healthy,16,clear,42.800,3200.84,82.810,100.0
neon_coast,pulse_gt,1,hull30,0,clear,54.367,3200.88,60.498,30.0
neon_coast,pulse_gt,1,hull30,16,clear,54.367,3200.88,91.547,30.0
neon_coast,pulse_gt,1,hull30_repair_at20s,0,clear,51.533,3200.08,60.936,50.0
neon_coast,pulse_gt,1,hull30_repair_at20s,16,clear,51.533,3200.08,95.010,50.0
neon_coast,pulse_gt,2,healthy,0,clear,42.800,3200.84,12.240,100.0
neon_coast,pulse_gt,2,healthy,16,clear,42.800,3200.84,60.240,100.0
neon_coast,pulse_gt,2,hull30,0,clear,54.367,3200.88,10.163,30.0
neon_coast,pulse_gt,2,hull30,16,clear,54.367,3200.88,82.163,30.0
neon_coast,pulse_gt,2,hull30_repair_at20s,0,clear,51.533,3200.08,10.894,50.0
neon_coast,pulse_gt,2,hull30_repair_at20s,16,clear,51.533,3200.08,82.894,50.0
neon_coast,driftwing,0,healthy,0,clear,46.300,3200.52,83.045,100.0
neon_coast,driftwing,0,healthy,16,clear,46.300,3200.52,87.561,100.0
neon_coast,driftwing,0,hull30,0,clear,58.917,3200.69,81.931,30.0
neon_coast,driftwing,0,hull30,16,clear,58.917,3200.69,90.326,30.0
neon_coast,driftwing,0,hull30_repair_at20s,0,clear,55.717,3200.47,82.335,50.0
neon_coast,driftwing,0,hull30_repair_at20s,16,clear,55.717,3200.47,92.716,50.0
neon_coast,driftwing,1,healthy,0,clear,46.300,3200.52,56.568,100.0
neon_coast,driftwing,1,healthy,16,clear,46.300,3200.52,81.341,100.0
neon_coast,driftwing,1,hull30,0,clear,58.917,3200.69,54.897,30.0
neon_coast,driftwing,1,hull30,16,clear,58.917,3200.69,85.489,30.0
neon_coast,driftwing,1,hull30_repair_at20s,0,clear,55.717,3200.47,55.502,50.0
neon_coast,driftwing,1,hull30_repair_at20s,16,clear,55.717,3200.47,89.075,50.0
neon_coast,driftwing,2,healthy,0,clear,46.300,3200.52,3.613,100.0
neon_coast,driftwing,2,healthy,16,clear,46.300,3200.52,51.613,100.0
neon_coast,driftwing,2,hull30,0,clear,58.917,3200.69,0.829,30.0
neon_coast,driftwing,2,hull30,16,clear,58.917,3200.69,72.829,30.0
neon_coast,driftwing,2,hull30_repair_at20s,0,clear,55.717,3200.47,1.837,50.0
neon_coast,driftwing,2,hull30_repair_at20s,16,clear,55.717,3200.47,73.837,50.0
neon_coast,flashpoint,0,healthy,0,clear,41.900,3201.26,87.292,100.0
neon_coast,flashpoint,0,healthy,16,clear,41.900,3201.26,89.247,100.0
neon_coast,flashpoint,0,hull30,0,clear,53.267,3200.30,86.533,30.0
neon_coast,flashpoint,0,hull30,16,clear,53.267,3200.30,95.341,30.0
neon_coast,flashpoint,0,hull30_repair_at20s,0,clear,50.533,3200.20,86.786,50.0
neon_coast,flashpoint,0,hull30_repair_at20s,16,clear,50.533,3200.20,97.619,50.0
neon_coast,flashpoint,1,healthy,0,clear,41.900,3201.26,62.938,100.0
neon_coast,flashpoint,1,healthy,16,clear,41.900,3201.26,83.870,100.0
neon_coast,flashpoint,1,hull30,0,clear,53.267,3200.30,61.799,30.0
neon_coast,flashpoint,1,hull30,16,clear,53.267,3200.30,93.011,30.0
neon_coast,flashpoint,1,hull30_repair_at20s,0,clear,50.533,3200.20,62.179,50.0
neon_coast,flashpoint,1,hull30_repair_at20s,16,clear,50.533,3200.20,96.429,50.0
neon_coast,flashpoint,2,healthy,0,clear,41.900,3201.26,14.229,100.0
neon_coast,flashpoint,2,healthy,16,clear,41.900,3201.26,62.229,100.0
neon_coast,flashpoint,2,hull30,0,clear,53.267,3200.30,12.331,30.0
neon_coast,flashpoint,2,hull30,16,clear,53.267,3200.30,84.331,30.0
neon_coast,flashpoint,2,hull30_repair_at20s,0,clear,50.533,3200.20,12.964,50.0
neon_coast,flashpoint,2,hull30_repair_at20s,16,clear,50.533,3200.20,84.964,50.0
neon_coast,comet_rs,0,healthy,0,clear,38.133,3201.31,89.863,100.0
neon_coast,comet_rs,0,healthy,16,clear,38.133,3201.31,93.345,100.0
neon_coast,comet_rs,0,hull30,0,clear,48.267,3200.33,89.409,30.0
neon_coast,comet_rs,0,hull30,16,clear,48.267,3200.33,99.778,30.0
neon_coast,comet_rs,0,hull30_repair_at20s,0,clear,45.950,3200.39,89.642,50.0
neon_coast,comet_rs,0,hull30_repair_at20s,16,clear,45.950,3200.39,89.642,50.0
neon_coast,comet_rs,1,healthy,0,clear,38.133,3201.31,68.482,100.0
neon_coast,comet_rs,1,healthy,16,clear,38.133,3201.31,90.018,100.0
neon_coast,comet_rs,1,hull30,0,clear,48.267,3200.33,67.869,30.0
neon_coast,comet_rs,1,hull30,16,clear,48.267,3200.33,99.667,30.0
neon_coast,comet_rs,1,hull30_repair_at20s,0,clear,45.950,3200.39,68.034,50.0
neon_coast,comet_rs,1,hull30_repair_at20s,16,clear,45.950,3200.39,84.463,50.0
neon_coast,comet_rs,2,healthy,0,clear,38.133,3201.31,23.470,100.0
neon_coast,comet_rs,2,healthy,16,clear,38.133,3201.31,71.470,100.0
neon_coast,comet_rs,2,hull30,0,clear,48.267,3200.33,22.448,30.0
neon_coast,comet_rs,2,hull30,16,clear,48.267,3200.33,94.448,30.0
neon_coast,comet_rs,2,hull30_repair_at20s,0,clear,45.950,3200.39,22.723,50.0
neon_coast,comet_rs,2,hull30_repair_at20s,16,clear,45.950,3200.39,70.723,50.0
neon_coast,tidebreaker,0,healthy,0,clear,45.483,3200.31,83.898,100.0
neon_coast,tidebreaker,0,healthy,16,clear,45.483,3200.31,87.814,100.0
neon_coast,tidebreaker,0,hull30,0,clear,57.817,3200.79,82.852,30.0
neon_coast,tidebreaker,0,hull30,16,clear,57.817,3200.79,91.302,30.0
neon_coast,tidebreaker,0,hull30_repair_at20s,0,clear,54.700,3200.06,83.235,50.0
neon_coast,tidebreaker,0,hull30_repair_at20s,16,clear,54.700,3200.06,93.678,50.0
neon_coast,tidebreaker,1,healthy,0,clear,45.483,3200.31,57.847,100.0
neon_coast,tidebreaker,1,healthy,16,clear,45.483,3200.31,81.722,100.0
neon_coast,tidebreaker,1,hull30,0,clear,57.817,3200.79,56.279,30.0
neon_coast,tidebreaker,1,hull30,16,clear,57.817,3200.79,86.954,30.0
neon_coast,tidebreaker,1,hull30_repair_at20s,0,clear,54.700,3200.06,56.852,50.0
neon_coast,tidebreaker,1,hull30_repair_at20s,16,clear,54.700,3200.06,90.517,50.0
neon_coast,tidebreaker,2,healthy,0,clear,45.483,3200.31,5.745,100.0
neon_coast,tidebreaker,2,healthy,16,clear,45.483,3200.31,53.745,100.0
neon_coast,tidebreaker,2,hull30,0,clear,57.817,3200.79,3.131,30.0
neon_coast,tidebreaker,2,hull30,16,clear,57.817,3200.79,75.131,30.0
neon_coast,tidebreaker,2,hull30_repair_at20s,0,clear,54.700,3200.06,4.087,50.0
neon_coast,tidebreaker,2,hull30_repair_at20s,16,clear,54.700,3200.06,76.087,50.0
neon_coast,aurora_x,0,healthy,0,clear,39.017,3201.16,89.591,100.0
neon_coast,aurora_x,0,healthy,16,clear,39.017,3201.16,92.384,100.0
neon_coast,aurora_x,0,hull30,0,clear,49.500,3200.75,89.113,30.0
neon_coast,aurora_x,0,hull30,16,clear,49.500,3200.75,98.684,30.0
neon_coast,aurora_x,0,hull30_repair_at20s,0,clear,47.083,3201.02,89.343,50.0
neon_coast,aurora_x,0,hull30_repair_at20s,16,clear,47.083,3201.02,89.343,50.0
neon_coast,aurora_x,1,healthy,0,clear,39.017,3201.16,67.127,100.0
neon_coast,aurora_x,1,healthy,16,clear,39.017,3201.16,88.576,100.0
neon_coast,aurora_x,1,hull30,0,clear,49.500,3200.75,66.358,30.0
neon_coast,aurora_x,1,hull30,16,clear,49.500,3200.75,98.025,30.0
neon_coast,aurora_x,1,hull30_repair_at20s,0,clear,47.083,3201.02,66.573,50.0
neon_coast,aurora_x,1,hull30_repair_at20s,16,clear,47.083,3201.02,84.014,50.0
neon_coast,aurora_x,2,healthy,0,clear,39.017,3201.16,21.212,100.0
neon_coast,aurora_x,2,healthy,16,clear,39.017,3201.16,69.212,100.0
neon_coast,aurora_x,2,hull30,0,clear,49.500,3200.75,19.931,30.0
neon_coast,aurora_x,2,hull30,16,clear,49.500,3200.75,91.931,30.0
neon_coast,aurora_x,2,hull30_repair_at20s,0,clear,47.083,3201.02,20.289,50.0
neon_coast,aurora_x,2,hull30_repair_at20s,16,clear,47.083,3201.02,68.289,50.0
freight_harbor,pulse_gt,0,healthy,0,clear,45.433,3400.97,83.631,100.0
freight_harbor,pulse_gt,0,healthy,16,clear,45.433,3400.97,87.833,100.0
freight_harbor,pulse_gt,0,hull30,0,clear,57.733,3400.45,82.677,30.0
freight_harbor,pulse_gt,0,hull30,16,clear,57.733,3400.45,91.376,30.0
freight_harbor,pulse_gt,0,hull30_repair_at20s,0,clear,54.633,3400.34,83.025,50.0
freight_harbor,pulse_gt,0,hull30_repair_at20s,16,clear,54.633,3400.34,93.741,50.0
freight_harbor,pulse_gt,1,healthy,0,clear,45.433,3400.97,57.446,100.0
freight_harbor,pulse_gt,1,healthy,16,clear,45.433,3400.97,81.749,100.0
freight_harbor,pulse_gt,1,hull30,0,clear,57.733,3400.45,56.016,30.0
freight_harbor,pulse_gt,1,hull30,16,clear,57.733,3400.45,87.065,30.0
freight_harbor,pulse_gt,1,hull30_repair_at20s,0,clear,54.633,3400.34,56.538,50.0
freight_harbor,pulse_gt,1,hull30_repair_at20s,16,clear,54.633,3400.34,90.612,50.0
freight_harbor,pulse_gt,2,healthy,0,clear,45.433,3400.97,5.077,100.0
freight_harbor,pulse_gt,2,healthy,16,clear,45.433,3400.97,53.077,100.0
freight_harbor,pulse_gt,2,hull30,0,clear,57.733,3400.45,2.693,30.0
freight_harbor,pulse_gt,2,hull30,16,clear,57.733,3400.45,74.693,30.0
freight_harbor,pulse_gt,2,hull30_repair_at20s,0,clear,54.633,3400.34,3.563,50.0
freight_harbor,pulse_gt,2,hull30_repair_at20s,16,clear,54.633,3400.34,75.563,50.0
freight_harbor,driftwing,0,healthy,0,clear,49.150,3400.02,79.945,100.0
freight_harbor,driftwing,0,healthy,16,clear,49.150,3400.02,98.767,100.0
freight_harbor,driftwing,0,hull30,0,clear,62.583,3400.89,78.677,30.0
freight_harbor,driftwing,0,hull30,16,clear,62.583,3400.89,87.072,30.0
freight_harbor,driftwing,0,hull30_repair_at20s,0,clear,59.083,3400.79,79.150,50.0
freight_harbor,driftwing,0,hull30_repair_at20s,16,clear,59.083,3400.79,89.532,50.0
freight_harbor,driftwing,1,healthy,0,clear,49.150,3400.02,51.917,100.0
freight_harbor,driftwing,1,healthy,16,clear,49.150,3400.02,98.150,100.0
freight_harbor,driftwing,1,hull30,0,clear,62.583,3400.89,50.016,30.0
freight_harbor,driftwing,1,hull30,16,clear,62.583,3400.89,80.608,30.0
freight_harbor,driftwing,1,hull30_repair_at20s,0,clear,59.083,3400.79,50.725,50.0
freight_harbor,driftwing,1,hull30_repair_at20s,16,clear,59.083,3400.79,84.298,50.0
freight_harbor,driftwing,2,healthy,0,fuel_failure,47.633,3293.85,0.000,100.0
freight_harbor,driftwing,2,healthy,16,clear,49.150,3400.02,67.861,100.0
freight_harbor,driftwing,2,hull30,0,fuel_failure,59.300,3221.62,0.000,30.0
freight_harbor,driftwing,2,hull30,16,clear,62.583,3400.89,64.693,30.0
freight_harbor,driftwing,2,hull30_repair_at20s,0,fuel_failure,56.500,3247.08,0.000,50.0
freight_harbor,driftwing,2,hull30_repair_at20s,16,clear,59.083,3400.79,65.876,50.0
freight_harbor,flashpoint,0,healthy,0,clear,44.467,3400.17,84.499,100.0
freight_harbor,flashpoint,0,healthy,16,clear,44.467,3400.17,88.068,100.0
freight_harbor,flashpoint,0,hull30,0,clear,56.583,3400.79,83.589,30.0
freight_harbor,flashpoint,0,hull30,16,clear,56.583,3400.79,92.397,30.0
freight_harbor,flashpoint,0,hull30_repair_at20s,0,clear,53.567,3400.02,83.916,50.0
freight_harbor,flashpoint,0,hull30_repair_at20s,16,clear,53.567,3400.02,94.750,50.0
freight_harbor,flashpoint,1,healthy,0,clear,44.467,3400.17,58.749,100.0
freight_harbor,flashpoint,1,healthy,16,clear,44.467,3400.17,82.102,100.0
freight_harbor,flashpoint,1,hull30,0,clear,56.583,3400.79,57.383,30.0
freight_harbor,flashpoint,1,hull30,16,clear,56.583,3400.79,88.596,30.0
freight_harbor,flashpoint,1,hull30_repair_at20s,0,clear,53.567,3400.02,57.875,50.0
freight_harbor,flashpoint,1,hull30_repair_at20s,16,clear,53.567,3400.02,92.125,50.0
freight_harbor,flashpoint,2,healthy,0,clear,44.467,3400.17,7.248,100.0
freight_harbor,flashpoint,2,healthy,16,clear,44.467,3400.17,55.248,100.0
freight_harbor,flashpoint,2,hull30,0,clear,56.583,3400.79,4.972,30.0
freight_harbor,flashpoint,2,hull30,16,clear,56.583,3400.79,76.972,30.0
freight_harbor,flashpoint,2,hull30_repair_at20s,0,clear,53.567,3400.02,5.791,50.0
freight_harbor,flashpoint,2,hull30_repair_at20s,16,clear,53.567,3400.02,77.791,50.0
freight_harbor,comet_rs,0,healthy,0,clear,40.450,3400.31,88.467,100.0
freight_harbor,comet_rs,0,healthy,16,clear,40.450,3400.31,90.825,100.0
freight_harbor,comet_rs,0,hull30,0,clear,51.250,3400.22,87.931,30.0
freight_harbor,comet_rs,0,hull30,16,clear,51.250,3400.22,97.130,30.0
freight_harbor,comet_rs,0,hull30_repair_at20s,0,clear,48.700,3401.18,88.088,50.0
freight_harbor,comet_rs,0,hull30_repair_at20s,16,clear,48.700,3401.18,99.354,50.0
freight_harbor,comet_rs,1,healthy,0,clear,40.450,3400.31,64.701,100.0
freight_harbor,comet_rs,1,healthy,16,clear,40.450,3400.31,86.237,100.0
freight_harbor,comet_rs,1,hull30,0,clear,51.250,3400.22,63.897,30.0
freight_harbor,comet_rs,1,hull30,16,clear,51.250,3400.22,95.696,30.0
freight_harbor,comet_rs,1,hull30_repair_at20s,0,clear,48.700,3401.18,64.132,50.0
freight_harbor,comet_rs,1,hull30_repair_at20s,16,clear,48.700,3401.18,99.030,50.0
freight_harbor,comet_rs,2,healthy,0,clear,40.450,3400.31,17.168,100.0
freight_harbor,comet_rs,2,healthy,16,clear,40.450,3400.31,65.168,100.0
freight_harbor,comet_rs,2,hull30,0,clear,51.250,3400.22,15.828,30.0
freight_harbor,comet_rs,2,hull30,16,clear,51.250,3400.22,87.828,30.0
freight_harbor,comet_rs,2,hull30_repair_at20s,0,clear,48.700,3401.18,16.220,50.0
freight_harbor,comet_rs,2,hull30_repair_at20s,16,clear,48.700,3401.18,88.220,50.0
freight_harbor,tidebreaker,0,healthy,0,clear,48.283,3400.23,80.852,100.0
freight_harbor,tidebreaker,0,healthy,16,clear,48.283,3400.23,99.710,100.0
freight_harbor,tidebreaker,0,hull30,0,clear,61.400,3400.35,79.672,30.0
freight_harbor,tidebreaker,0,hull30,16,clear,61.400,3400.35,88.122,30.0
freight_harbor,tidebreaker,0,hull30_repair_at20s,0,clear,58.000,3400.34,80.113,50.0
freight_harbor,tidebreaker,0,hull30_repair_at20s,16,clear,58.000,3400.34,90.557,50.0
freight_harbor,tidebreaker,1,healthy,0,clear,48.283,3400.23,53.278,100.0
freight_harbor,tidebreaker,1,healthy,16,clear,48.283,3400.23,99.565,100.0
freight_harbor,tidebreaker,1,hull30,0,clear,61.400,3400.35,51.508,30.0
freight_harbor,tidebreaker,1,hull30,16,clear,61.400,3400.35,82.183,30.0
freight_harbor,tidebreaker,1,hull30_repair_at20s,0,clear,58.000,3400.34,52.170,50.0
freight_harbor,tidebreaker,1,hull30_repair_at20s,16,clear,58.000,3400.34,85.835,50.0
freight_harbor,tidebreaker,2,healthy,0,fuel_failure,47.600,3351.44,0.000,100.0
freight_harbor,tidebreaker,2,healthy,16,clear,48.283,3400.23,70.129,100.0
freight_harbor,tidebreaker,2,hull30,0,fuel_failure,59.233,3279.69,0.000,30.0
freight_harbor,tidebreaker,2,hull30,16,clear,61.400,3400.35,67.181,30.0
freight_harbor,tidebreaker,2,hull30_repair_at20s,0,fuel_failure,56.433,3305.26,0.000,50.0
freight_harbor,tidebreaker,2,hull30_repair_at20s,16,clear,58.000,3400.34,68.283,50.0
freight_harbor,aurora_x,0,healthy,0,clear,41.400,3400.41,87.492,100.0
freight_harbor,aurora_x,0,healthy,16,clear,41.400,3400.41,89.791,100.0
freight_harbor,aurora_x,0,hull30,0,clear,52.567,3400.72,86.851,30.0
freight_harbor,aurora_x,0,hull30,16,clear,52.567,3400.72,95.962,30.0
freight_harbor,aurora_x,0,hull30_repair_at20s,0,clear,49.900,3401.17,87.051,50.0
freight_harbor,aurora_x,0,hull30_repair_at20s,16,clear,49.900,3401.17,98.219,50.0
freight_harbor,aurora_x,1,healthy,0,clear,41.400,3400.41,63.238,100.0
freight_harbor,aurora_x,1,healthy,16,clear,41.400,3400.41,84.686,100.0
freight_harbor,aurora_x,1,hull30,0,clear,52.567,3400.72,62.276,30.0
freight_harbor,aurora_x,1,hull30,16,clear,52.567,3400.72,93.943,30.0
freight_harbor,aurora_x,1,hull30_repair_at20s,0,clear,49.900,3401.17,62.577,50.0
freight_harbor,aurora_x,1,hull30_repair_at20s,16,clear,49.900,3401.17,97.328,50.0
freight_harbor,aurora_x,2,healthy,0,clear,41.400,3400.41,14.730,100.0
freight_harbor,aurora_x,2,healthy,16,clear,41.400,3400.41,62.730,100.0
freight_harbor,aurora_x,2,hull30,0,clear,52.567,3400.72,13.126,30.0
freight_harbor,aurora_x,2,hull30,16,clear,52.567,3400.72,85.126,30.0
freight_harbor,aurora_x,2,hull30_repair_at20s,0,clear,49.900,3401.17,13.628,50.0
freight_harbor,aurora_x,2,hull30_repair_at20s,16,clear,49.900,3401.17,85.628,50.0
storm_ridge,pulse_gt,0,healthy,0,clear,44.117,3300.90,85.063,100.0
storm_ridge,pulse_gt,0,healthy,16,clear,44.117,3300.90,88.177,100.0
storm_ridge,pulse_gt,0,hull30,0,clear,56.050,3300.67,84.171,30.0
storm_ridge,pulse_gt,0,hull30,16,clear,56.050,3300.67,92.870,30.0
storm_ridge,pulse_gt,0,hull30_repair_at20s,0,clear,53.083,3300.21,84.491,50.0
storm_ridge,pulse_gt,0,hull30_repair_at20s,16,clear,53.083,3300.21,95.207,50.0
storm_ridge,pulse_gt,1,healthy,0,clear,44.117,3300.90,59.595,100.0
storm_ridge,pulse_gt,1,healthy,16,clear,44.117,3300.90,82.266,100.0
storm_ridge,pulse_gt,1,hull30,0,clear,56.050,3300.67,58.257,30.0
storm_ridge,pulse_gt,1,hull30,16,clear,56.050,3300.67,89.306,30.0
storm_ridge,pulse_gt,1,hull30_repair_at20s,0,clear,53.083,3300.21,58.737,50.0
storm_ridge,pulse_gt,1,hull30_repair_at20s,16,clear,53.083,3300.21,92.811,50.0
storm_ridge,pulse_gt,2,healthy,0,clear,44.117,3300.90,8.659,100.0
storm_ridge,pulse_gt,2,healthy,16,clear,44.117,3300.90,56.659,100.0
storm_ridge,pulse_gt,2,hull30,0,clear,56.050,3300.67,6.428,30.0
storm_ridge,pulse_gt,2,hull30,16,clear,56.050,3300.67,78.428,30.0
storm_ridge,pulse_gt,2,hull30_repair_at20s,0,clear,53.083,3300.21,7.228,50.0
storm_ridge,pulse_gt,2,hull30_repair_at20s,16,clear,53.083,3300.21,79.228,50.0
storm_ridge,driftwing,0,healthy,0,clear,47.733,3300.85,81.486,100.0
storm_ridge,driftwing,0,healthy,16,clear,47.733,3300.85,87.180,100.0
storm_ridge,driftwing,0,hull30,0,clear,60.750,3300.79,80.304,30.0
storm_ridge,driftwing,0,hull30,16,clear,60.750,3300.79,88.699,30.0
storm_ridge,driftwing,0,hull30_repair_at20s,0,clear,57.400,3300.63,80.743,50.0
storm_ridge,driftwing,0,hull30_repair_at20s,16,clear,57.400,3300.63,91.124,50.0
storm_ridge,driftwing,1,healthy,0,clear,47.733,3300.85,54.229,100.0
storm_ridge,driftwing,1,healthy,16,clear,47.733,3300.85,80.770,100.0
storm_ridge,driftwing,1,hull30,0,clear,60.750,3300.79,52.457,30.0
storm_ridge,driftwing,1,hull30,16,clear,60.750,3300.79,83.049,30.0
storm_ridge,driftwing,1,hull30_repair_at20s,0,clear,57.400,3300.63,53.114,50.0
storm_ridge,driftwing,1,hull30_repair_at20s,16,clear,57.400,3300.63,86.686,50.0
storm_ridge,driftwing,2,healthy,0,fuel_failure,47.633,3293.85,0.000,100.0
storm_ridge,driftwing,2,healthy,16,clear,47.733,3300.85,47.715,100.0
storm_ridge,driftwing,2,hull30,0,fuel_failure,59.300,3221.62,0.000,30.0
storm_ridge,driftwing,2,hull30,16,clear,60.750,3300.79,68.761,30.0
storm_ridge,driftwing,2,hull30_repair_at20s,0,fuel_failure,56.500,3247.08,0.000,50.0
storm_ridge,driftwing,2,hull30_repair_at20s,16,clear,57.400,3300.63,69.856,50.0
storm_ridge,flashpoint,0,healthy,0,clear,43.183,3300.71,85.895,100.0
storm_ridge,flashpoint,0,healthy,16,clear,43.183,3300.71,88.413,100.0
storm_ridge,flashpoint,0,hull30,0,clear,54.917,3300.04,85.068,30.0
storm_ridge,flashpoint,0,hull30,16,clear,54.917,3300.04,93.876,30.0
storm_ridge,flashpoint,0,hull30_repair_at20s,0,clear,52.050,3300.11,85.351,50.0
storm_ridge,flashpoint,0,hull30_repair_at20s,16,clear,52.050,3300.11,96.185,50.0
storm_ridge,flashpoint,1,healthy,0,clear,43.183,3300.71,60.843,100.0
storm_ridge,flashpoint,1,healthy,16,clear,43.183,3300.71,82.619,100.0
storm_ridge,flashpoint,1,hull30,0,clear,54.917,3300.04,59.602,30.0
storm_ridge,flashpoint,1,hull30,16,clear,54.917,3300.04,90.814,30.0
storm_ridge,flashpoint,1,hull30_repair_at20s,0,clear,52.050,3300.11,60.027,50.0
storm_ridge,flashpoint,1,hull30_repair_at20s,16,clear,52.050,3300.11,94.277,50.0
storm_ridge,flashpoint,2,healthy,0,clear,43.183,3300.71,10.739,100.0
storm_ridge,flashpoint,2,healthy,16,clear,43.183,3300.71,58.739,100.0
storm_ridge,flashpoint,2,hull30,0,clear,54.917,3300.04,8.670,30.0
storm_ridge,flashpoint,2,hull30,16,clear,54.917,3300.04,80.670,30.0
storm_ridge,flashpoint,2,hull30_repair_at20s,0,clear,52.050,3300.11,9.378,50.0
storm_ridge,flashpoint,2,hull30_repair_at20s,16,clear,52.050,3300.11,81.378,50.0
storm_ridge,comet_rs,0,healthy,0,clear,39.283,3300.09,89.555,100.0
storm_ridge,comet_rs,0,healthy,16,clear,39.283,3300.09,92.094,100.0
storm_ridge,comet_rs,0,hull30,0,clear,49.767,3300.84,89.069,30.0
storm_ridge,comet_rs,0,hull30,16,clear,49.767,3300.84,98.447,30.0
storm_ridge,comet_rs,0,hull30_repair_at20s,0,clear,47.317,3300.18,89.311,50.0
storm_ridge,comet_rs,0,hull30_repair_at20s,16,clear,47.317,3300.18,89.311,50.0
storm_ridge,comet_rs,1,healthy,0,clear,39.283,3300.09,66.605,100.0
storm_ridge,comet_rs,1,healthy,16,clear,39.283,3300.09,88.141,100.0
storm_ridge,comet_rs,1,hull30,0,clear,49.767,3300.84,65.872,30.0
storm_ridge,comet_rs,1,hull30,16,clear,49.767,3300.84,97.670,30.0
storm_ridge,comet_rs,1,hull30_repair_at20s,0,clear,47.317,3300.18,66.095,50.0
storm_ridge,comet_rs,1,hull30_repair_at20s,16,clear,47.317,3300.18,83.967,50.0
storm_ridge,comet_rs,2,healthy,0,clear,39.283,3300.09,20.342,100.0
storm_ridge,comet_rs,2,healthy,16,clear,39.283,3300.09,68.342,100.0
storm_ridge,comet_rs,2,hull30,0,clear,49.767,3300.84,19.120,30.0
storm_ridge,comet_rs,2,hull30,16,clear,49.767,3300.84,91.120,30.0
storm_ridge,comet_rs,2,hull30_repair_at20s,0,clear,47.317,3300.18,19.491,50.0
storm_ridge,comet_rs,2,hull30_repair_at20s,16,clear,47.317,3300.18,67.491,50.0
storm_ridge,tidebreaker,0,healthy,0,clear,46.883,3300.27,82.375,100.0
storm_ridge,tidebreaker,0,healthy,16,clear,46.883,3300.27,87.434,100.0
storm_ridge,tidebreaker,0,hull30,0,clear,59.600,3300.11,81.270,30.0
storm_ridge,tidebreaker,0,hull30,16,clear,59.600,3300.11,89.720,30.0
storm_ridge,tidebreaker,0,hull30_repair_at20s,0,clear,56.350,3300.20,81.674,50.0
storm_ridge,tidebreaker,0,hull30_repair_at20s,16,clear,56.350,3300.20,92.117,50.0
storm_ridge,tidebreaker,1,healthy,0,clear,46.883,3300.27,55.562,100.0
storm_ridge,tidebreaker,1,healthy,16,clear,46.883,3300.27,81.150,100.0
storm_ridge,tidebreaker,1,hull30,0,clear,59.600,3300.11,53.905,30.0
storm_ridge,tidebreaker,1,hull30,16,clear,59.600,3300.11,84.580,30.0
storm_ridge,tidebreaker,1,hull30_repair_at20s,0,clear,56.350,3300.20,54.511,50.0
storm_ridge,tidebreaker,1,hull30_repair_at20s,16,clear,56.350,3300.20,88.176,50.0
storm_ridge,tidebreaker,2,healthy,0,clear,46.883,3300.27,1.937,100.0
storm_ridge,tidebreaker,2,healthy,16,clear,46.883,3300.27,49.937,100.0
storm_ridge,tidebreaker,2,hull30,0,fuel_failure,59.233,3279.69,0.000,30.0
storm_ridge,tidebreaker,2,hull30,16,clear,59.600,3300.11,71.174,30.0
storm_ridge,tidebreaker,2,hull30_repair_at20s,0,clear,56.350,3300.20,0.185,50.0
storm_ridge,tidebreaker,2,hull30_repair_at20s,16,clear,56.350,3300.20,72.185,50.0
storm_ridge,aurora_x,0,healthy,0,clear,40.200,3300.09,88.797,100.0
storm_ridge,aurora_x,0,healthy,16,clear,40.200,3300.09,91.097,100.0
storm_ridge,aurora_x,0,hull30,0,clear,51.033,3300.73,88.211,30.0
storm_ridge,aurora_x,0,hull30,16,clear,51.033,3300.73,97.323,30.0
storm_ridge,aurora_x,0,hull30_repair_at20s,0,clear,48.483,3300.51,88.391,50.0
storm_ridge,aurora_x,0,hull30_repair_at20s,16,clear,48.483,3300.51,99.559,50.0
storm_ridge,aurora_x,1,healthy,0,clear,40.200,3300.09,65.196,100.0
storm_ridge,aurora_x,1,healthy,16,clear,40.200,3300.09,86.645,100.0
storm_ridge,aurora_x,1,hull30,0,clear,51.033,3300.73,64.317,30.0
storm_ridge,aurora_x,1,hull30,16,clear,51.033,3300.73,95.984,30.0
storm_ridge,aurora_x,1,hull30_repair_at20s,0,clear,48.483,3300.51,64.587,50.0
storm_ridge,aurora_x,1,hull30_repair_at20s,16,clear,48.483,3300.51,99.338,50.0
storm_ridge,aurora_x,2,healthy,0,clear,40.200,3300.09,17.994,100.0
storm_ridge,aurora_x,2,healthy,16,clear,40.200,3300.09,65.994,100.0
storm_ridge,aurora_x,2,hull30,0,clear,51.033,3300.73,16.529,30.0
storm_ridge,aurora_x,2,hull30,16,clear,51.033,3300.73,88.529,30.0
storm_ridge,aurora_x,2,hull30_repair_at20s,0,clear,48.483,3300.51,16.978,50.0
storm_ridge,aurora_x,2,hull30_repair_at20s,16,clear,48.483,3300.51,88.978,50.0
sunrise_express,pulse_gt,0,healthy,0,clear,48.067,3601.10,80.766,100.0
sunrise_express,pulse_gt,0,healthy,16,clear,48.067,3601.10,99.946,100.0
sunrise_express,pulse_gt,0,hull30,0,clear,61.100,3600.03,79.689,30.0
sunrise_express,pulse_gt,0,hull30,16,clear,61.100,3600.03,88.389,30.0
sunrise_express,pulse_gt,0,hull30_repair_at20s,0,clear,57.733,3600.60,80.093,50.0
sunrise_express,pulse_gt,0,hull30_repair_at20s,16,clear,57.733,3600.60,90.809,50.0
sunrise_express,pulse_gt,1,healthy,0,clear,48.067,3601.10,53.149,100.0
sunrise_express,pulse_gt,1,healthy,16,clear,48.067,3601.10,99.918,100.0
sunrise_express,pulse_gt,1,hull30,0,clear,61.100,3600.03,51.534,30.0
sunrise_express,pulse_gt,1,hull30,16,clear,61.100,3600.03,82.583,30.0
sunrise_express,pulse_gt,1,hull30_repair_at20s,0,clear,57.733,3600.60,52.139,50.0
sunrise_express,pulse_gt,1,hull30_repair_at20s,16,clear,57.733,3600.60,86.213,50.0
sunrise_express,pulse_gt,2,healthy,0,fuel_failure,47.317,3544.10,0.000,100.0
sunrise_express,pulse_gt,2,healthy,16,clear,48.067,3601.10,69.915,100.0
sunrise_express,pulse_gt,2,hull30,0,fuel_failure,58.950,3472.58,0.000,30.0
sunrise_express,pulse_gt,2,hull30,16,clear,61.100,3600.03,67.223,30.0
sunrise_express,pulse_gt,2,hull30_repair_at20s,0,fuel_failure,56.150,3498.31,0.000,50.0
sunrise_express,pulse_gt,2,hull30_repair_at20s,16,clear,57.733,3600.60,68.232,50.0
sunrise_express,driftwing,0,healthy,0,clear,52.017,3600.68,76.826,100.0
sunrise_express,driftwing,0,healthy,16,clear,52.017,3600.68,95.648,100.0
sunrise_express,driftwing,0,hull30,0,clear,66.233,3600.18,75.438,30.0
sunrise_express,driftwing,0,hull30,16,clear,66.233,3600.18,98.033,30.0
sunrise_express,driftwing,0,hull30_repair_at20s,0,clear,62.433,3600.11,75.981,50.0
sunrise_express,driftwing,0,hull30_repair_at20s,16,clear,62.433,3600.11,86.363,50.0
sunrise_express,driftwing,1,healthy,0,clear,52.017,3600.68,47.238,100.0
sunrise_express,driftwing,1,healthy,16,clear,52.017,3600.68,93.472,100.0
sunrise_express,driftwing,1,hull30,0,clear,66.233,3600.18,45.157,30.0
sunrise_express,driftwing,1,hull30,16,clear,66.233,3600.18,97.049,30.0
sunrise_express,driftwing,1,hull30_repair_at20s,0,clear,62.433,3600.11,45.972,50.0
sunrise_express,driftwing,1,hull30_repair_at20s,16,clear,62.433,3600.11,79.544,50.0
sunrise_express,driftwing,2,healthy,0,fuel_failure,47.633,3293.85,0.000,100.0
sunrise_express,driftwing,2,healthy,16,clear,52.017,3600.68,60.064,100.0
sunrise_express,driftwing,2,hull30,0,fuel_failure,59.300,3221.62,0.000,30.0
sunrise_express,driftwing,2,hull30,16,clear,66.233,3600.18,80.595,30.0
sunrise_express,driftwing,2,hull30_repair_at20s,0,fuel_failure,56.500,3247.08,0.000,50.0
sunrise_express,driftwing,2,hull30_repair_at20s,16,clear,62.433,3600.11,57.954,50.0
sunrise_express,flashpoint,0,healthy,0,clear,47.050,3600.38,81.689,100.0
sunrise_express,flashpoint,0,healthy,16,clear,47.050,3600.38,87.361,100.0
sunrise_express,flashpoint,0,hull30,0,clear,59.883,3600.27,80.660,30.0
sunrise_express,flashpoint,0,hull30,16,clear,59.883,3600.27,89.468,30.0
sunrise_express,flashpoint,0,hull30_repair_at20s,0,clear,56.617,3600.94,81.031,50.0
sunrise_express,flashpoint,0,hull30_repair_at20s,16,clear,56.617,3600.94,91.865,50.0
sunrise_express,flashpoint,1,healthy,0,clear,47.050,3600.38,54.533,100.0
sunrise_express,flashpoint,1,healthy,16,clear,47.050,3600.38,81.042,100.0
sunrise_express,flashpoint,1,hull30,0,clear,59.883,3600.27,52.990,30.0
sunrise_express,flashpoint,1,hull30,16,clear,59.883,3600.27,84.202,30.0
sunrise_express,flashpoint,1,hull30_repair_at20s,0,clear,56.617,3600.94,53.547,50.0
sunrise_express,flashpoint,1,hull30_repair_at20s,16,clear,56.617,3600.94,87.798,50.0
sunrise_express,flashpoint,2,healthy,0,clear,47.050,3600.38,0.221,100.0
sunrise_express,flashpoint,2,healthy,16,clear,47.050,3600.38,48.221,100.0
sunrise_express,flashpoint,2,hull30,0,fuel_failure,58.833,3536.80,0.000,30.0
sunrise_express,flashpoint,2,hull30,16,clear,59.883,3600.27,69.651,30.0
sunrise_express,flashpoint,2,hull30_repair_at20s,0,fuel_failure,56.017,3561.41,0.000,50.0
sunrise_express,flashpoint,2,hull30_repair_at20s,16,clear,56.617,3600.94,70.578,50.0
sunrise_express,comet_rs,0,healthy,0,clear,42.783,3600.74,85.929,100.0
sunrise_express,comet_rs,0,healthy,16,clear,42.783,3600.74,88.594,100.0
sunrise_express,comet_rs,0,hull30,0,clear,54.233,3600.11,85.284,30.0
sunrise_express,comet_rs,0,hull30,16,clear,54.233,3600.11,94.483,30.0
sunrise_express,comet_rs,0,hull30_repair_at20s,0,clear,51.433,3600.76,85.503,50.0
sunrise_express,comet_rs,0,hull30_repair_at20s,16,clear,51.433,3600.76,96.768,50.0
sunrise_express,comet_rs,1,healthy,0,clear,42.783,3600.74,60.893,100.0
sunrise_express,comet_rs,1,healthy,16,clear,42.783,3600.74,82.891,100.0
sunrise_express,comet_rs,1,hull30,0,clear,54.233,3600.11,59.926,30.0
sunrise_express,comet_rs,1,hull30,16,clear,54.233,3600.11,91.724,30.0
sunrise_express,comet_rs,1,hull30_repair_at20s,0,clear,51.433,3600.76,60.254,50.0
sunrise_express,comet_rs,1,hull30_repair_at20s,16,clear,51.433,3600.76,95.152,50.0
sunrise_express,comet_rs,2,healthy,0,clear,42.783,3600.74,10.822,100.0
sunrise_express,comet_rs,2,healthy,16,clear,42.783,3600.74,58.822,100.0
sunrise_express,comet_rs,2,hull30,0,clear,54.233,3600.11,9.209,30.0
sunrise_express,comet_rs,2,hull30,16,clear,54.233,3600.11,81.209,30.0
sunrise_express,comet_rs,2,hull30_repair_at20s,0,clear,51.433,3600.76,9.756,50.0
sunrise_express,comet_rs,2,hull30_repair_at20s,16,clear,51.433,3600.76,81.756,50.0
sunrise_express,tidebreaker,0,healthy,0,clear,51.083,3600.15,77.805,100.0
sunrise_express,tidebreaker,0,healthy,16,clear,51.083,3600.15,96.663,100.0
sunrise_express,tidebreaker,0,hull30,0,clear,65.000,3600.85,76.477,30.0
sunrise_express,tidebreaker,0,hull30,16,clear,65.000,3600.85,99.127,30.0
sunrise_express,tidebreaker,0,hull30_repair_at20s,0,clear,61.300,3600.61,76.992,50.0
sunrise_express,tidebreaker,0,hull30_repair_at20s,16,clear,61.300,3600.61,87.435,50.0
sunrise_express,tidebreaker,1,healthy,0,clear,51.083,3600.15,48.708,100.0
sunrise_express,tidebreaker,1,healthy,16,clear,51.083,3600.15,94.995,100.0
sunrise_express,tidebreaker,1,hull30,0,clear,65.000,3600.85,46.716,30.0
sunrise_express,tidebreaker,1,hull30,16,clear,65.000,3600.85,98.691,30.0
sunrise_express,tidebreaker,1,hull30_repair_at20s,0,clear,61.300,3600.61,47.488,50.0
sunrise_express,tidebreaker,1,hull30_repair_at20s,16,clear,61.300,3600.61,81.153,50.0
sunrise_express,tidebreaker,2,healthy,0,fuel_failure,47.600,3351.44,0.000,100.0
sunrise_express,tidebreaker,2,healthy,16,clear,51.083,3600.15,62.513,100.0
sunrise_express,tidebreaker,2,hull30,0,fuel_failure,59.233,3279.69,0.000,30.0
sunrise_express,tidebreaker,2,hull30,16,clear,65.000,3600.85,83.193,30.0
sunrise_express,tidebreaker,2,hull30_repair_at20s,0,fuel_failure,56.433,3305.26,0.000,50.0
sunrise_express,tidebreaker,2,hull30_repair_at20s,16,clear,61.300,3600.61,60.480,50.0
sunrise_express,aurora_x,0,healthy,0,clear,43.800,3601.05,84.881,100.0
sunrise_express,aurora_x,0,healthy,16,clear,43.800,3601.05,88.286,100.0
sunrise_express,aurora_x,0,hull30,0,clear,55.633,3600.69,84.129,30.0
sunrise_express,aurora_x,0,hull30,16,clear,55.633,3600.69,93.240,30.0
sunrise_express,aurora_x,0,hull30_repair_at20s,0,clear,52.700,3600.14,84.403,50.0
sunrise_express,aurora_x,0,hull30_repair_at20s,16,clear,52.700,3600.14,95.570,50.0
sunrise_express,aurora_x,1,healthy,0,clear,43.800,3601.05,59.321,100.0
sunrise_express,aurora_x,1,healthy,16,clear,43.800,3601.05,82.429,100.0
sunrise_express,aurora_x,1,hull30,0,clear,55.633,3600.69,58.193,30.0
sunrise_express,aurora_x,1,hull30,16,clear,55.633,3600.69,89.860,30.0
sunrise_express,aurora_x,1,hull30_repair_at20s,0,clear,52.700,3600.14,58.604,50.0
sunrise_express,aurora_x,1,hull30_repair_at20s,16,clear,52.700,3600.14,93.355,50.0
sunrise_express,aurora_x,2,healthy,0,clear,43.800,3601.05,8.202,100.0
sunrise_express,aurora_x,2,healthy,16,clear,43.800,3601.05,56.202,100.0
sunrise_express,aurora_x,2,hull30,0,clear,55.633,3600.69,6.322,30.0
sunrise_express,aurora_x,2,hull30,16,clear,55.633,3600.69,78.322,30.0
sunrise_express,aurora_x,2,hull30_repair_at20s,0,clear,52.700,3600.14,7.007,50.0
sunrise_express,aurora_x,2,hull30_repair_at20s,16,clear,52.700,3600.14,79.007,50.0
