"path","bytes","sha256","source_inputs","builder_dependencies","provenance_records","origin_claim","missing_build_steps"
"assets/effects/finish_burst.png","99903","6410f865506e7e809fb2aee75c538fd57d7b59f88128419675d1b6256fc52ce0","art/source/generated/finish_burst_chroma.png","scripts/tools/prepare_sprite.py","art/README.md","Built-in image generation claim; chroma source recorded by art README, not in vehicle sprite manifest.","remove_chroma_key.py is named in art README, but no repository copy was found; historical alpha conversion reproducibility is incomplete."
"assets/environment_sequences/freight_harbor/left_00.png","672568","54a2db59e25df38634ede52c7fd739e53190b1017857439c0a36b79965ac7f9e","art/source/environment_sequences/freight_harbor_sections/section_00.png | art/source/environment_sequences/freight_harbor_sections/section_01.png | art/source/environment_sequences/freight_harbor_sections/section_02.png | art/source/environment_sequences/freight_harbor_sections/section_03.png | art/source/environment_sequences/freight_harbor_sections/section_04.png","scripts/art/build_environment_sequences.ps1","art/source/environment_sequences/README.md","Built-in image generation claim; own section 00 and adjacent boundary blending; all five track sections included as build inputs.",""
"assets/environment_sequences/freight_harbor/left_01.png","654740","75f2cd3bfde0c6325fe8c15d7144e9049199a159e38ab32eb643af646160f75f","art/source/environment_sequences/freight_harbor_sections/section_00.png | art/source/environment_sequences/freight_harbor_sections/section_01.png | art/source/environment_sequences/freight_harbor_sections/section_02.png | art/source/environment_sequences/freight_harbor_sections/section_03.png | art/source/environment_sequences/freight_harbor_sections/section_04.png","scripts/art/build_environment_sequences.ps1","art/source/environment_sequences/README.md","Built-in image generation claim; own section 01 and adjacent boundary blending; all five track sections included as build inputs.",""
"assets/environment_sequences/freight_harbor/left_02.png","624788","ff7a92d02793e5dac7a773f9e877e8f708a6085b3aa3787622159b23c3c19a3b","art/source/environment_sequences/freight_harbor_sections/section_00.png | art/source/environment_sequences/freight_harbor_sections/section_01.png | art/source/environment_sequences/freight_harbor_sections/section_02.png | art/source/environment_sequences/freight_harbor_sections/section_03.png | art/source/environment_sequences/freight_harbor_sections/section_04.png","scripts/art/build_environment_sequences.ps1","art/source/environment_sequences/README.md","Built-in image generation claim; own section 02 and adjacent boundary blending; all five track sections included as build inputs.",""
"assets/environment_sequences/freight_harbor/left_03.png","619411","ef1d381646472ce3f582809793c77a1081e92303dc8143193a485f25b21ea171","art/source/environment_sequences/freight_harbor_sections/section_00.png | art/source/environment_sequences/freight_harbor_sections/section_01.png | art/source/environment_sequences/freight_harbor_sections/section_02.png | art/source/environment_sequences/freight_harbor_sections/section_03.png | art/source/environment_sequences/freight_harbor_sections/section_04.png","scripts/art/build_environment_sequences.ps1","art/source/environment_sequences/README.md","Built-in image generation claim; own section 03 and adjacent boundary blending; all five track sections included as build inputs.",""
"assets/environment_sequences/freight_harbor/left_04.png","600445","dd63b0ccdce56863b9061138134564fe7270a9be1a43a8e6c401f53199f60731","art/source/environment_sequences/freight_harbor_sections/section_00.png | art/source/environment_sequences/freight_harbor_sections/section_01.png | art/source/environment_sequences/freight_harbor_sections/section_02.png | art/source/environment_sequences/freight_harbor_sections/section_03.png | art/source/environment_sequences/freight_harbor_sections/section_04.png","scripts/art/build_environment_sequences.ps1","art/source/environment_sequences/README.md","Built-in image generation claim; own section 04 and adjacent boundary blending; all five track sections included as build inputs.",""
"assets/environment_sequences/freight_harbor/right_00.png","676850","8e1e89508d2d487b6281d5562e8b327ee780844bbecf4f9da5f482b3074f1733","art/source/environment_sequences/freight_harbor_sections/section_00.png | art/source/environment_sequences/freight_harbor_sections/section_01.png | art/source/environment_sequences/freight_harbor_sections/section_02.png | art/source/environment_sequences/freight_harbor_sections/section_03.png | art/source/environment_sequences/freight_harbor_sections/section_04.png","scripts/art/build_environment_sequences.ps1","art/source/environment_sequences/README.md","Built-in image generation claim; own section 00 and adjacent boundary blending; all five track sections included as build inputs.",""
"assets/environment_sequences/freight_harbor/right_01.png","666719","7006483daeeeadfaaea0093504bab77a9263fe62b6743f28eac8de24577a5c35","art/source/environment_sequences/freight_harbor_sections/section_00.png | art/source/environment_sequences/freight_harbor_sections/section_01.png | art/source/environment_sequences/freight_harbor_sections/section_02.png | art/source/environment_sequences/freight_harbor_sections/section_03.png | art/source/environment_sequences/freight_harbor_sections/section_04.png","scripts/art/build_environment_sequences.ps1","art/source/environment_sequences/README.md","Built-in image generation claim; own section 01 and adjacent boundary blending; all five track sections included as build inputs.",""
"assets/environment_sequences/freight_harbor/right_02.png","653508","3df3d4eb3f4385574202213f4a880d7aef82c731fa2f7af8b9cb45043fc01b4a","art/source/environment_sequences/freight_harbor_sections/section_00.png | art/source/environment_sequences/freight_harbor_sections/section_01.png | art/source/environment_sequences/freight_harbor_sections/section_02.png | art/source/environment_sequences/freight_harbor_sections/section_03.png | art/source/environment_sequences/freight_harbor_sections/section_04.png","scripts/art/build_environment_sequences.ps1","art/source/environment_sequences/README.md","Built-in image generation claim; own section 02 and adjacent boundary blending; all five track sections included as build inputs.",""
"assets/environment_sequences/freight_harbor/right_03.png","639615","93f742a233191bdc25809030676b662d5827fc195ccdc1362ff13bffd0ecde37","art/source/environment_sequences/freight_harbor_sections/section_00.png | art/source/environment_sequences/freight_harbor_sections/section_01.png | art/source/environment_sequences/freight_harbor_sections/section_02.png | art/source/environment_sequences/freight_harbor_sections/section_03.png | art/source/environment_sequences/freight_harbor_sections/section_04.png","scripts/art/build_environment_sequences.ps1","art/source/environment_sequences/README.md","Built-in image generation claim; own section 03 and adjacent boundary blending; all five track sections included as build inputs.",""
"assets/environment_sequences/freight_harbor/right_04.png","641403","2167ed14070603783e8b4421372d5bddf047862ac0582057e94d9a3043577ad2","art/source/environment_sequences/freight_harbor_sections/section_00.png | art/source/environment_sequences/freight_harbor_sections/section_01.png | art/source/environment_sequences/freight_harbor_sections/section_02.png | art/source/environment_sequences/freight_harbor_sections/section_03.png | art/source/environment_sequences/freight_harbor_sections/section_04.png","scripts/art/build_environment_sequences.ps1","art/source/environment_sequences/README.md","Built-in image generation claim; own section 04 and adjacent boundary blending; all five track sections included as build inputs.",""
"assets/environment_sequences/neon_coast/left_00.png","739302","43c8f394ec5e896e9d99e6577e2b2a957b0e38ee87ada140236a6283a7c4a7d4","art/source/environment_sequences/neon_coast_sections/section_00.png | art/source/environment_sequences/neon_coast_sections/section_01.png | art/source/environment_sequences/neon_coast_sections/section_02.png | art/source/environment_sequences/neon_coast_sections/section_03.png | art/source/environment_sequences/neon_coast_sections/section_04.png","scripts/art/build_environment_sequences.ps1","art/source/environment_sequences/README.md","Built-in image generation claim; own section 00 and adjacent boundary blending; all five track sections included as build inputs.",""
"assets/environment_sequences/neon_coast/left_01.png","714274","b91defb523d53a6adec933b9150102a6bf94dd0a61257731165004bc9a0da046","art/source/environment_sequences/neon_coast_sections/section_00.png | art/source/environment_sequences/neon_coast_sections/section_01.png | art/source/environment_sequences/neon_coast_sections/section_02.png | art/source/environment_sequences/neon_coast_sections/section_03.png | art/source/environment_sequences/neon_coast_sections/section_04.png","scripts/art/build_environment_sequences.ps1","art/source/environment_sequences/README.md","Built-in image generation claim; own section 01 and adjacent boundary blending; all five track sections included as build inputs.",""
"assets/environment_sequences/neon_coast/left_02.png","692804","13772664cb935381e0628d8a717ab3c2a9861e53ec753a732da49a0aa7096984","art/source/environment_sequences/neon_coast_sections/section_00.png | art/source/environment_sequences/neon_coast_sections/section_01.png | art/source/environment_sequences/neon_coast_sections/section_02.png | art/source/environment_sequences/neon_coast_sections/section_03.png | art/source/environment_sequences/neon_coast_sections/section_04.png","scripts/art/build_environment_sequences.ps1","art/source/environment_sequences/README.md","Built-in image generation claim; own section 02 and adjacent boundary blending; all five track sections included as build inputs.",""
"assets/environment_sequences/neon_coast/left_03.png","658833","9795027faaa25c80fe32a243ad68d342436ed2e9bd5048dde0b0b056683b411a","art/source/environment_sequences/neon_coast_sections/section_00.png | art/source/environment_sequences/neon_coast_sections/section_01.png | art/source/environment_sequences/neon_coast_sections/section_02.png | art/source/environment_sequences/neon_coast_sections/section_03.png | art/source/environment_sequences/neon_coast_sections/section_04.png","scripts/art/build_environment_sequences.ps1","art/source/environment_sequences/README.md","Built-in image generation claim; own section 03 and adjacent boundary blending; all five track sections included as build inputs.",""
"assets/environment_sequences/neon_coast/left_04.png","642668","d426f56de94aceb55f0e32570499c25a739e1260bfa67f1382054128757e9224","art/source/environment_sequences/neon_coast_sections/section_00.png | art/source/environment_sequences/neon_coast_sections/section_01.png | art/source/environment_sequences/neon_coast_sections/section_02.png | art/source/environment_sequences/neon_coast_sections/section_03.png | art/source/environment_sequences/neon_coast_sections/section_04.png","scripts/art/build_environment_sequences.ps1","art/source/environment_sequences/README.md","Built-in image generation claim; own section 04 and adjacent boundary blending; all five track sections included as build inputs.",""
"assets/environment_sequences/neon_coast/right_00.png","739894","5aeb0dede32e07e0b4e82e74a791b978788a22bbdbf2bc2256ce7be809f88e75","art/source/environment_sequences/neon_coast_sections/section_00.png | art/source/environment_sequences/neon_coast_sections/section_01.png | art/source/environment_sequences/neon_coast_sections/section_02.png | art/source/environment_sequences/neon_coast_sections/section_03.png | art/source/environment_sequences/neon_coast_sections/section_04.png","scripts/art/build_environment_sequences.ps1","art/source/environment_sequences/README.md","Built-in image generation claim; own section 00 and adjacent boundary blending; all five track sections included as build inputs.",""
"assets/environment_sequences/neon_coast/right_01.png","706850","322b88236b4ed846efbef61af3d8bafcd41499f1785321b651825e5cbe47bc6e","art/source/environment_sequences/neon_coast_sections/section_00.png | art/source/environment_sequences/neon_coast_sections/section_01.png | art/source/environment_sequences/neon_coast_sections/section_02.png | art/source/environment_sequences/neon_coast_sections/section_03.png | art/source/environment_sequences/neon_coast_sections/section_04.png","scripts/art/build_environment_sequences.ps1","art/source/environment_sequences/README.md","Built-in image generation claim; own section 01 and adjacent boundary blending; all five track sections included as build inputs.",""
"assets/environment_sequences/neon_coast/right_02.png","698191","52181bb3610a7a5f2334cf717042b1643d8bd70445e7413dc91cbbf0143789a3","art/source/environment_sequences/neon_coast_sections/section_00.png | art/source/environment_sequences/neon_coast_sections/section_01.png | art/source/environment_sequences/neon_coast_sections/section_02.png | art/source/environment_sequences/neon_coast_sections/section_03.png | art/source/environment_sequences/neon_coast_sections/section_04.png","scripts/art/build_environment_sequences.ps1","art/source/environment_sequences/README.md","Built-in image generation claim; own section 02 and adjacent boundary blending; all five track sections included as build inputs.",""
"assets/environment_sequences/neon_coast/right_03.png","666123","f9579295288b891dc8636918966b6a436353a15449e0ddc5a36224a208cd71e9","art/source/environment_sequences/neon_coast_sections/section_00.png | art/source/environment_sequences/neon_coast_sections/section_01.png | art/source/environment_sequences/neon_coast_sections/section_02.png | art/source/environment_sequences/neon_coast_sections/section_03.png | art/source/environment_sequences/neon_coast_sections/section_04.png","scripts/art/build_environment_sequences.ps1","art/source/environment_sequences/README.md","Built-in image generation claim; own section 03 and adjacent boundary blending; all five track sections included as build inputs.",""
"assets/environment_sequences/neon_coast/right_04.png","648664","706c71b6af6bad236d716d119219eebf4fe1fbe4c33dea9bf037fdf73bdc7cf1","art/source/environment_sequences/neon_coast_sections/section_00.png | art/source/environment_sequences/neon_coast_sections/section_01.png | art/source/environment_sequences/neon_coast_sections/section_02.png | art/source/environment_sequences/neon_coast_sections/section_03.png | art/source/environment_sequences/neon_coast_sections/section_04.png","scripts/art/build_environment_sequences.ps1","art/source/environment_sequences/README.md","Built-in image generation claim; own section 04 and adjacent boundary blending; all five track sections included as build inputs.",""
"assets/environment_sequences/storm_ridge/left_00.png","650212","8d15a2e565500c8e9bcee49c07ef78aea384477d7306ded12dc1d891f97bc405","art/source/environment_sequences/storm_ridge_sections/section_00.png | art/source/environment_sequences/storm_ridge_sections/section_01.png | art/source/environment_sequences/storm_ridge_sections/section_02.png | art/source/environment_sequences/storm_ridge_sections/section_03.png | art/source/environment_sequences/storm_ridge_sections/section_04.png","scripts/art/build_environment_sequences.ps1","art/source/environment_sequences/README.md","Built-in image generation claim; own section 00 and adjacent boundary blending; all five track sections included as build inputs.",""
"assets/environment_sequences/storm_ridge/left_01.png","642546","8a2b5002b91373a9358a52b008085ff5fa4a60b73769daeb9bd45d3645c38d8e","art/source/environment_sequences/storm_ridge_sections/section_00.png | art/source/environment_sequences/storm_ridge_sections/section_01.png | art/source/environment_sequences/storm_ridge_sections/section_02.png | art/source/environment_sequences/storm_ridge_sections/section_03.png | art/source/environment_sequences/storm_ridge_sections/section_04.png","scripts/art/build_environment_sequences.ps1","art/source/environment_sequences/README.md","Built-in image generation claim; own section 01 and adjacent boundary blending; all five track sections included as build inputs.",""
"assets/environment_sequences/storm_ridge/left_02.png","614456","8ae4d1da88d6027a5af855b3d3f8709fd4db4fe8e554f66b9a80aaa0fa2e005c","art/source/environment_sequences/storm_ridge_sections/section_00.png | art/source/environment_sequences/storm_ridge_sections/section_01.png | art/source/environment_sequences/storm_ridge_sections/section_02.png | art/source/environment_sequences/storm_ridge_sections/section_03.png | art/source/environment_sequences/storm_ridge_sections/section_04.png","scripts/art/build_environment_sequences.ps1","art/source/environment_sequences/README.md","Built-in image generation claim; own section 02 and adjacent boundary blending; all five track sections included as build inputs.",""
"assets/environment_sequences/storm_ridge/left_03.png","604197","b7b42590bd320cff85447608566c8ee6a87d1c90489792f5fae9361aada42f9d","art/source/environment_sequences/storm_ridge_sections/section_00.png | art/source/environment_sequences/storm_ridge_sections/section_01.png | art/source/environment_sequences/storm_ridge_sections/section_02.png | art/source/environment_sequences/storm_ridge_sections/section_03.png | art/source/environment_sequences/storm_ridge_sections/section_04.png","scripts/art/build_environment_sequences.ps1","art/source/environment_sequences/README.md","Built-in image generation claim; own section 03 and adjacent boundary blending; all five track sections included as build inputs.",""
"assets/environment_sequences/storm_ridge/left_04.png","571991","50c975de7360ecd450a1e4ecc5970095423b3c1959cc80697599ba4193b5b8b3","art/source/environment_sequences/storm_ridge_sections/section_00.png | art/source/environment_sequences/storm_ridge_sections/section_01.png | art/source/environment_sequences/storm_ridge_sections/section_02.png | art/source/environment_sequences/storm_ridge_sections/section_03.png | art/source/environment_sequences/storm_ridge_sections/section_04.png","scripts/art/build_environment_sequences.ps1","art/source/environment_sequences/README.md","Built-in image generation claim; own section 04 and adjacent boundary blending; all five track sections included as build inputs.",""
"assets/environment_sequences/storm_ridge/right_00.png","609470","9a7eb635fff804a90d4d7840aaf204f9b65bad1131b9efddef349a30b942849a","art/source/environment_sequences/storm_ridge_sections/section_00.png | art/source/environment_sequences/storm_ridge_sections/section_01.png | art/source/environment_sequences/storm_ridge_sections/section_02.png | art/source/environment_sequences/storm_ridge_sections/section_03.png | art/source/environment_sequences/storm_ridge_sections/section_04.png","scripts/art/build_environment_sequences.ps1","art/source/environment_sequences/README.md","Built-in image generation claim; own section 00 and adjacent boundary blending; all five track sections included as build inputs.",""
"assets/environment_sequences/storm_ridge/right_01.png","600651","5662db20f8b357541dd768111d5a0dc4421f90553755e3ab798075547f39a6fe","art/source/environment_sequences/storm_ridge_sections/section_00.png | art/source/environment_sequences/storm_ridge_sections/section_01.png | art/source/environment_sequences/storm_ridge_sections/section_02.png | art/source/environment_sequences/storm_ridge_sections/section_03.png | art/source/environment_sequences/storm_ridge_sections/section_04.png","scripts/art/build_environment_sequences.ps1","art/source/environment_sequences/README.md","Built-in image generation claim; own section 01 and adjacent boundary blending; all five track sections included as build inputs.",""
"assets/environment_sequences/storm_ridge/right_02.png","570453","6e5ecf4f27bf1a32e1c2318c2674e5027a5dae10111f2ab62a3d63463da3bc29","art/source/environment_sequences/storm_ridge_sections/section_00.png | art/source/environment_sequences/storm_ridge_sections/section_01.png | art/source/environment_sequences/storm_ridge_sections/section_02.png | art/source/environment_sequences/storm_ridge_sections/section_03.png | art/source/environment_sequences/storm_ridge_sections/section_04.png","scripts/art/build_environment_sequences.ps1","art/source/environment_sequences/README.md","Built-in image generation claim; own section 02 and adjacent boundary blending; all five track sections included as build inputs.",""
"assets/environment_sequences/storm_ridge/right_03.png","561219","8b869e1b106fed241827ecd5cdfa5ee8206bd44bf6ddbc85e1c5666949a6ba81","art/source/environment_sequences/storm_ridge_sections/section_00.png | art/source/environment_sequences/storm_ridge_sections/section_01.png | art/source/environment_sequences/storm_ridge_sections/section_02.png | art/source/environment_sequences/storm_ridge_sections/section_03.png | art/source/environment_sequences/storm_ridge_sections/section_04.png","scripts/art/build_environment_sequences.ps1","art/source/environment_sequences/README.md","Built-in image generation claim; own section 03 and adjacent boundary blending; all five track sections included as build inputs.",""
"assets/environment_sequences/storm_ridge/right_04.png","581162","2527a7b40682d39a799753a83be1cc8241d9e1b8dae647be225de1f09c8b61f3","art/source/environment_sequences/storm_ridge_sections/section_00.png | art/source/environment_sequences/storm_ridge_sections/section_01.png | art/source/environment_sequences/storm_ridge_sections/section_02.png | art/source/environment_sequences/storm_ridge_sections/section_03.png | art/source/environment_sequences/storm_ridge_sections/section_04.png","scripts/art/build_environment_sequences.ps1","art/source/environment_sequences/README.md","Built-in image generation claim; own section 04 and adjacent boundary blending; all five track sections included as build inputs.",""
"assets/environment_sequences/sunrise_express/left_00.png","735878","01cf8cc9b91748c8ba555120f189573484e09961f912fd90c8005390988cc807","art/source/environment_sequences/sunrise_express_sections/section_00.png | art/source/environment_sequences/sunrise_express_sections/section_01.png | art/source/environment_sequences/sunrise_express_sections/section_02.png | art/source/environment_sequences/sunrise_express_sections/section_03.png | art/source/environment_sequences/sunrise_express_sections/section_04.png","scripts/art/build_environment_sequences.ps1","art/source/environment_sequences/README.md","Built-in image generation claim; own section 00 and adjacent boundary blending; all five track sections included as build inputs.",""
"assets/environment_sequences/sunrise_express/left_01.png","730298","5f03adcec53c7305d909149f4fa34d2e3bf560d1d8750bbefb7fb786d20b90e9","art/source/environment_sequences/sunrise_express_sections/section_00.png | art/source/environment_sequences/sunrise_express_sections/section_01.png | art/source/environment_sequences/sunrise_express_sections/section_02.png | art/source/environment_sequences/sunrise_express_sections/section_03.png | art/source/environment_sequences/sunrise_express_sections/section_04.png","scripts/art/build_environment_sequences.ps1","art/source/environment_sequences/README.md","Built-in image generation claim; own section 01 and adjacent boundary blending; all five track sections included as build inputs.",""
"assets/environment_sequences/sunrise_express/left_02.png","719527","bc7fc3cb034d118edd4e020a9b81182425b8cd4dde91af44fe6a0332098e9904","art/source/environment_sequences/sunrise_express_sections/section_00.png | art/source/environment_sequences/sunrise_express_sections/section_01.png | art/source/environment_sequences/sunrise_express_sections/section_02.png | art/source/environment_sequences/sunrise_express_sections/section_03.png | art/source/environment_sequences/sunrise_express_sections/section_04.png","scripts/art/build_environment_sequences.ps1","art/source/environment_sequences/README.md","Built-in image generation claim; own section 02 and adjacent boundary blending; all five track sections included as build inputs.",""
"assets/environment_sequences/sunrise_express/left_03.png","705528","b9eef51393f1e2c3f0baa5bf60319309281392affb82ea83994c34bebc9e7695","art/source/environment_sequences/sunrise_express_sections/section_00.png | art/source/environment_sequences/sunrise_express_sections/section_01.png | art/source/environment_sequences/sunrise_express_sections/section_02.png | art/source/environment_sequences/sunrise_express_sections/section_03.png | art/source/environment_sequences/sunrise_express_sections/section_04.png","scripts/art/build_environment_sequences.ps1","art/source/environment_sequences/README.md","Built-in image generation claim; own section 03 and adjacent boundary blending; all five track sections included as build inputs.",""
"assets/environment_sequences/sunrise_express/left_04.png","701187","bf6e80384382184e3df962476be414d5335fb4c16dc4ea653f3458e948c33097","art/source/environment_sequences/sunrise_express_sections/section_00.png | art/source/environment_sequences/sunrise_express_sections/section_01.png | art/source/environment_sequences/sunrise_express_sections/section_02.png | art/source/environment_sequences/sunrise_express_sections/section_03.png | art/source/environment_sequences/sunrise_express_sections/section_04.png","scripts/art/build_environment_sequences.ps1","art/source/environment_sequences/README.md","Built-in image generation claim; own section 04 and adjacent boundary blending; all five track sections included as build inputs.",""
"assets/environment_sequences/sunrise_express/right_00.png","726468","e1996c7fbe9efae85b2e1f9d170fd9c7fb933454daad671aadde914c899748ab","art/source/environment_sequences/sunrise_express_sections/section_00.png | art/source/environment_sequences/sunrise_express_sections/section_01.png | art/source/environment_sequences/sunrise_express_sections/section_02.png | art/source/environment_sequences/sunrise_express_sections/section_03.png | art/source/environment_sequences/sunrise_express_sections/section_04.png","scripts/art/build_environment_sequences.ps1","art/source/environment_sequences/README.md","Built-in image generation claim; own section 00 and adjacent boundary blending; all five track sections included as build inputs.",""
"assets/environment_sequences/sunrise_express/right_01.png","720413","fcd15d9f109b23a56b0337c175191a1dd2d95341a05a1e252e4bb8e0f438f78d","art/source/environment_sequences/sunrise_express_sections/section_00.png | art/source/environment_sequences/sunrise_express_sections/section_01.png | art/source/environment_sequences/sunrise_express_sections/section_02.png | art/source/environment_sequences/sunrise_express_sections/section_03.png | art/source/environment_sequences/sunrise_express_sections/section_04.png","scripts/art/build_environment_sequences.ps1","art/source/environment_sequences/README.md","Built-in image generation claim; own section 01 and adjacent boundary blending; all five track sections included as build inputs.",""
"assets/environment_sequences/sunrise_express/right_02.png","715518","478bdf84b7de24f466269aa99f7b420957a57ae51d4693f1c0cbc2b4ca22feeb","art/source/environment_sequences/sunrise_express_sections/section_00.png | art/source/environment_sequences/sunrise_express_sections/section_01.png | art/source/environment_sequences/sunrise_express_sections/section_02.png | art/source/environment_sequences/sunrise_express_sections/section_03.png | art/source/environment_sequences/sunrise_express_sections/section_04.png","scripts/art/build_environment_sequences.ps1","art/source/environment_sequences/README.md","Built-in image generation claim; own section 02 and adjacent boundary blending; all five track sections included as build inputs.",""
"assets/environment_sequences/sunrise_express/right_03.png","686932","9d23ca8c35e6d139bbc320ad2b302f82cc392879b711e6758d167e0e99c1ce8c","art/source/environment_sequences/sunrise_express_sections/section_00.png | art/source/environment_sequences/sunrise_express_sections/section_01.png | art/source/environment_sequences/sunrise_express_sections/section_02.png | art/source/environment_sequences/sunrise_express_sections/section_03.png | art/source/environment_sequences/sunrise_express_sections/section_04.png","scripts/art/build_environment_sequences.ps1","art/source/environment_sequences/README.md","Built-in image generation claim; own section 03 and adjacent boundary blending; all five track sections included as build inputs.",""
"assets/environment_sequences/sunrise_express/right_04.png","693890","279a3f54603258aa973e9223ae96194d5ca51ef879b20c7f0319728c61a444b0","art/source/environment_sequences/sunrise_express_sections/section_00.png | art/source/environment_sequences/sunrise_express_sections/section_01.png | art/source/environment_sequences/sunrise_express_sections/section_02.png | art/source/environment_sequences/sunrise_express_sections/section_03.png | art/source/environment_sequences/sunrise_express_sections/section_04.png","scripts/art/build_environment_sequences.ps1","art/source/environment_sequences/README.md","Built-in image generation claim; own section 04 and adjacent boundary blending; all five track sections included as build inputs.",""
"assets/music/freight_harbor.ogg","820537","b7918882e6ccda3869b27ca1d02b96eaa2a59d1021a4a593eb144a21d3deed56","","art/source/music/generate_course_music.py | art/source/music/generate_track_previews.py | art/source/music/generate_neon_coast.py","art/source/music/README.md | art/source/music/freight_harbor_build.json | scripts/audio/music_catalog.gd","Repository claims oscillator/envelope synthetic composition and no external samples. Encoder is ffmpeg/libvorbis; actual encoder build not identified by these records.",""
"assets/music/neon_coast.ogg","826108","cc1be016983a55791a03a0c04c444247da73755d4b3a4b86ea620eae2736641b","","art/source/music/generate_neon_coast.py","art/source/music/README.md | art/source/music/neon_coast_build.json | scripts/audio/music_catalog.gd","Repository claims oscillator/envelope synthetic composition and no external samples. Encoder is ffmpeg/libvorbis; actual encoder build not identified by these records.",""
"assets/music/storm_ridge.ogg","922910","92a558452e59b90835cc3e368f4c4a86dbb19eaf23e0972f0c2a74b8b9a48dd7","","art/source/music/generate_course_music.py | art/source/music/generate_track_previews.py | art/source/music/generate_neon_coast.py","art/source/music/README.md | art/source/music/storm_ridge_build.json | scripts/audio/music_catalog.gd","Repository claims oscillator/envelope synthetic composition and no external samples. Encoder is ffmpeg/libvorbis; actual encoder build not identified by these records.",""
"assets/music/sunrise_express.ogg","769257","fa76cd42146ac3b4c7635adead52820a3d22f372aa6424d6f23c423e4cd96772","","art/source/music/generate_course_music.py | art/source/music/generate_track_previews.py | art/source/music/generate_neon_coast.py","art/source/music/README.md | art/source/music/sunrise_express_build.json | scripts/audio/music_catalog.gd","Repository claims oscillator/envelope synthetic composition and no external samples. Encoder is ffmpeg/libvorbis; actual encoder build not identified by these records.",""
"assets/neon-coast-menu.png","2066753","522ff3241295246021faf2e2a850b42f4f208d9955ce6636df2791e684b002e3","","","docs/ideas/road-dash-mvp.md","Project-owner-supplied artwork according to repository record; no separate original source/creator or redistribution grant identified.",""
"assets/pavement/freight_harbor.png","895860","7ba1e83c26ee1fe0844994b98316cd7831bfd8fcac0b02b1c894c69196b115e0","","art/source/generate_pavement.gd | scripts/pavement_surface.gd","docs/previews/pavement/README.md | docs/pavement-validation-20261001.md","Procedural Godot noise/drawing generator; no external image inputs referenced by generator.",""
"assets/pavement/neon_coast.png","704658","55eb7703bd09966a8aa8e2c3c2d03d5bc2ca33ac8f22e0caa3ae8c4f38943711","","art/source/generate_pavement.gd | scripts/pavement_surface.gd","docs/previews/pavement/README.md | docs/pavement-validation-20261001.md","Procedural Godot noise/drawing generator; no external image inputs referenced by generator.",""
"assets/pavement/storm_ridge.png","895583","07f8edd20c54a1d844d41c332d7981346f14f0f77b31f4f62c6c77dff53b0ead","","art/source/generate_pavement.gd | scripts/pavement_surface.gd","docs/previews/pavement/README.md | docs/pavement-validation-20261001.md","Procedural Godot noise/drawing generator; no external image inputs referenced by generator.",""
"assets/pavement/sunrise_express.png","797527","25bc6c5aff1c27d46b753e4bcd52f64379822ca89d4dfa37a1797dcf12f232d7","","art/source/generate_pavement.gd | scripts/pavement_surface.gd","docs/previews/pavement/README.md | docs/pavement-validation-20261001.md","Procedural Godot noise/drawing generator; no external image inputs referenced by generator.",""
"assets/pickups/fuel_pickup.png","5193","cc96cdee31f612105abd25f972d3b67708851d924159b04d65046ef88e4e71ef","art/source/generated/fuel_pickup_chroma.png","scripts/tools/prepare_sprite.py","art/README.md","Built-in image generation claim; chroma source recorded by art README, not in vehicle sprite manifest.","remove_chroma_key.py is named in art README, but no repository copy was found; historical alpha conversion reproducibility is incomplete."
"assets/ui/event_plate.png","62830","92e93c3c8cf681b30f1ca6ce25afe220079960b8d61f4ed3a35287dd35d9d9a4","art/source/generated/event_plate_chroma.png","scripts/tools/prepare_ui_asset.py","art/README.md","Built-in image generation claim; chroma source recorded by art README, not in vehicle sprite manifest.","remove_chroma_key.py is named in art README, but no repository copy was found; historical alpha conversion reproducibility is incomplete."
"assets/ui/hud_frame.png","85943","a1ef7e4f214b570766ed1dc348425c70d2e2c4238927ed1f61963d21ef7d2f6e","art/source/generated/hud_frame_chroma.png","scripts/tools/prepare_ui_asset.py","art/README.md","Built-in image generation claim; chroma source recorded by art README, not in vehicle sprite manifest.","remove_chroma_key.py is named in art README, but no repository copy was found; historical alpha conversion reproducibility is incomplete."
"assets/ui/result_emblem.png","35866","ab51ce451796fe82ff6432bcbfe4c637068916a75155f6f01cf137fc79fc5b9a","art/source/generated/result_emblem_chroma.png","scripts/tools/prepare_ui_asset.py","art/README.md","Built-in image generation claim; chroma source recorded by art README, not in vehicle sprite manifest.","remove_chroma_key.py is named in art README, but no repository copy was found; historical alpha conversion reproducibility is incomplete."
"assets/ui/road_barrier.png","27471","799b3c673dde460c41763324526c0f3726a5efd41a73db68c684a7231fcb3324","art/source/generated/road_barrier_chroma.png","scripts/tools/prepare_ui_asset.py","art/README.md","Built-in image generation claim; chroma source recorded by art README, not in vehicle sprite manifest.","remove_chroma_key.py is named in art README, but no repository copy was found; historical alpha conversion reproducibility is incomplete."
"assets/vehicles/player_aurora_x_c.png","1010947","3034c432b00b6e199f1469f4ad970955122c15a07976284e3e2818f7c2c8447d","docs/previews/aurora_x-c-source.png","scripts/tools/prepare_driftwing_c.py","docs/vehicle-facing-audit.md","Current C fleet built-in image generation claim and transparency postprocess. Old non-C player sprite manifest entries do not describe these outputs.",""
"assets/vehicles/player_comet_rs_c.png","981719","a03701e0cf3e4960e9329cf56cd6cbf82689cfbdb437b68143a3f1514e6af006","docs/previews/comet_rs-c-source.png","scripts/tools/prepare_driftwing_c.py","docs/vehicle-facing-audit.md","Current C fleet built-in image generation claim and transparency postprocess. Old non-C player sprite manifest entries do not describe these outputs.",""
"assets/vehicles/player_driftwing_c.png","941398","0a6ff0c2b9d35d870d3b8961cee71333627d92112d0bd4e8e95013d0b21f13e0","docs/previews/driftwing-c-approved.png","scripts/tools/prepare_driftwing_c.py","docs/vehicle-facing-audit.md","Current C fleet built-in image generation claim and transparency postprocess. Old non-C player sprite manifest entries do not describe these outputs.",""
"assets/vehicles/player_flashpoint_c.png","951845","72b7e1eea168c00bb9418ac8a24c6ccd54784d3e33dbf150896964d8de14607a","docs/previews/flashpoint-c-source.png","scripts/tools/prepare_driftwing_c.py","docs/vehicle-facing-audit.md","Current C fleet built-in image generation claim and transparency postprocess. Old non-C player sprite manifest entries do not describe these outputs.",""
"assets/vehicles/player_pulse_gt_c.png","957631","c1311ce558a020ed159e1815eb4b1df371f1be8049af4f854973185bbf097a90","docs/previews/pulse_gt-c-source.png","scripts/tools/prepare_driftwing_c.py","docs/vehicle-facing-audit.md","Current C fleet built-in image generation claim and transparency postprocess. Old non-C player sprite manifest entries do not describe these outputs.",""
"assets/vehicles/player_tidebreaker_c.png","960741","a03aff2c8fc252a24d160c62324b32864a08fd0be1e286a4bdbe05457d6aa0da","docs/previews/tidebreaker-c-source.png","scripts/tools/prepare_driftwing_c.py","docs/vehicle-facing-audit.md","Current C fleet built-in image generation claim and transparency postprocess. Old non-C player sprite manifest entries do not describe these outputs.",""
"assets/vehicles/traffic_hatchback.png","11109","b6b43b1402d6992c289e2048ebe95aabad40ab6e55b45f2f3ef2573c09f15ab3","art/source/generated/traffic_hatchback_alpha.png","scripts/tools/prepare_sprite.py","art/README.md | art/sprite_manifest.json","Built-in image generation claim; alpha source recorded by sprite manifest, not rebuilt in this audit.","remove_chroma_key.py is named in art README, but no repository copy was found; historical alpha conversion reproducibility is incomplete."
"assets/vehicles/traffic_sedan.png","10929","231d1e3ab202539d357ebd09514d7840be39265eb6fc096db9ab140e24eede5e","art/source/generated/traffic_sedan_volume_alpha.png","scripts/tools/prepare_sprite.py","art/README.md | art/sprite_manifest.json","Built-in image generation claim; alpha source recorded by sprite manifest, not rebuilt in this audit.","remove_chroma_key.py is named in art README, but no repository copy was found; historical alpha conversion reproducibility is incomplete."
"assets/vehicles/traffic_sports.png","13130","f175c4b0cd2f1da6f8d630bb4f896c263a64d603af175eba2d6fc7f8c27e4143","art/source/generated/traffic_sports_alpha.png","scripts/tools/prepare_sprite.py","art/README.md | art/sprite_manifest.json","Built-in image generation claim; alpha source recorded by sprite manifest, not rebuilt in this audit.","remove_chroma_key.py is named in art README, but no repository copy was found; historical alpha conversion reproducibility is incomplete."
"assets/vehicles/traffic_truck.png","12404","985c84849fd7e078e735b2378c38700f86eeb4c19480e6a4976c293e3159a794","art/source/generated/traffic_truck_volume_alpha.png","scripts/tools/prepare_sprite.py","art/README.md | art/sprite_manifest.json","Built-in image generation claim; alpha source recorded by sprite manifest, not rebuilt in this audit.","remove_chroma_key.py is named in art README, but no repository copy was found; historical alpha conversion reproducibility is incomplete."
"assets/vehicles/traffic_van.png","8715","9281c8e5f2a8ee14b9ab9cd1d23c1a62e39cbc1d12e1c4aa6c07134327812c36","art/source/generated/traffic_van_alpha.png","scripts/tools/prepare_sprite.py","art/README.md | art/sprite_manifest.json","Built-in image generation claim; alpha source recorded by sprite manifest, not rebuilt in this audit.","remove_chroma_key.py is named in art README, but no repository copy was found; historical alpha conversion reproducibility is incomplete."
